2.1,1,0.0009671194745695111,30,17067.59860048891,907.0090770721436
2.1,1,0.0002716974241625536,49,17036.87356769542,933.9758927822113
2.1,1,3.6729341944763405e-05,30,17046.649080023857,901.9761694669724
2.1,1,0.0001689376769893336,38,17027.40330620677,962.4488670825958
2.1,1,0.0006691977326718224,31,17029.663547000597,892.0245421603322
2.1,1,0.0001403407460389694,50,17063.073689953504,907.5111751556396
2.1,1,3.1576910472619346e-05,42,17030.70131935344,913.6782904416323
2.1,1,0.00017153880662723608,41,17026.02515647192,939.8942458629608
2.1,1,0.0002536842201310563,50,17002.096881064645,965.3107192516327
2.1,1,6.549826039670137e-05,50,17063.42952941617,956.0732911378145
2.1,1,5.437239001260252e-05,32,17032.74126672402,949.7919011116028
2.1,1,0.00021696873977328224,41,17016.285722554978,913.1168411374092
2.1,1,9.498844579391985e-05,30,17017.039032372442,901.6140029728413
2.1,1,3.369974689082511e-06,44,17023.322369381465,942.114558339119
2.1,1,0.0005236990522017315,49,17058.444609480077,920.2832490354776
2.1,1,0.00043877885311527365,35,17038.5818529315,890.2808631658554
2.1,1,0.00014946932016579595,41,17003.030580796913,986.5453773140907
2.1,1,0.0004350996898301318,49,17012.474926119536,992.9459107816219
2.1,1,2.4926590857621278e-05,39,17020.905316456334,952.0028376579285
2.1,1,0.0011324940454842114,33,17047.72719958447,952.8152838945389
2.1,1,0.00024039463388136895,47,17011.56278437524,938.3388156294823
2.1,1,0.0003152415068541359,32,17080.94711924209,921.862832903862
2.1,1,4.726755211814648e-05,40,17022.36712251798,988.7315587997437
2.1,1,7.616323076176101e-05,42,17034.16665247429,956.6778264045715
2.1,1,0.00013378550503784226,34,16984.626867414838,978.5643144249916
2.1,1,3.63083139442999e-05,42,17012.984288202646,968.290749669075
2.1,1,0.0002274478541832714,42,17026.56883633289,950.7022756040096
2.1,1,0.0008286033428803741,47,17029.793886366086,989.9834685772657
2.1,1,0.0008644234618349067,32,17001.16025432177,964.2132813930511
2.1,1,0.00023482904669203108,31,17017.94165452262,977.9136437773705
2.1,1,0.0002925544961800419,35,17036.88418534345,935.2971642017365
2.1,1,0.0009748576213688409,30,17039.33357033391,934.0711214542389
2.1,1,0.00030613489275621575,36,17015.996260661268,970.8632810115814
2.1,1,0.00047469872538252744,29,17024.510872681676,973.6193381547928
2.1,1,0.0002695637312375432,31,17012.853543606663,940.5764461532235
2.1,1,0.00019801708959388264,44,17025.418966691395,947.4371039271355
2.1,1,0.00024200219981018734,41,17005.11192891319,946.3139695376158
2.1,1,0.00045841292337023276,40,17027.620126394344,944.8583416938782
2.1,1,1.164620462157373e-05,32,17018.878037904866,931.3088943958282
2.1,1,0.00010565818621355305,38,16986.76669197623,952.0158574581146
2.1,1,0.001132641619516317,27,17010.346599132095,922.3360431790352
2.1,1,0.001150582744052997,45,17050.48839781916,940.7752435207367
2.1,1,0.000989162059711557,34,17020.022384758195,928.3342307209969
2.1,1,0.0003378102783790915,45,17024.107197240137,901.3255032598972
2.1,1,0.00010750181414564963,46,17028.030434676093,941.2713532447815
2.1,1,0.0009457508993611086,49,16991.864367050894,999.6725212037563
2.1,1,0.000644425001405935,35,17025.300477920806,938.572841823101
2.1,1,0.0011453381163977205,32,17045.80474379769,934.8580402880907
2.1,1,0.0003718621746706674,44,17031.18413155049,945.0845561027527
2.1,1,0.0005291863059229129,37,17014.85070959994,957.452277675271
2.1,1,0.00039196987735490296,48,17005.184286223346,948.8968825936317
2.1,1,0.00015694429402834942,44,17015.908174708224,914.5889679789543
2.1,1,0.0012840344540951953,47,16984.23988078661,977.5139620304108
2.1,1,0.001190140254702765,28,17017.085952613736,922.031077414751
2.1,1,0.0004694037058845524,38,16974.647424766994,990.0538310408592
2.1,1,0.001120527631685242,50,16996.41473554255,948.4900802671909
2.1,1,0.0003939385417663921,33,17053.064774015736,953.422618329525
2.1,1,0.00042173917669563465,40,17024.97432960228,942.6136846542358
2.1,1,0.0007843765409307757,45,17002.364249241957,985.1568127945065
2.1,1,0.0002937982826720642,38,17018.934096678273,950.2562382221222
2.1,1,0.0005613341456247589,45,17036.928326360085,992.3597431182861
2.1,1,8.362726367527884e-05,43,17004.523758100808,947.3153231292963
2.1,1,1.5302983218834498e-05,45,16995.391793148985,942.0574974417686
2.1,1,0.0002409499289055539,30,17014.355211738788,954.9759892821312
2.1,1,0.000679216838561647,36,17026.689605606833,947.8419170752168
2.1,1,7.288194108223678e-06,42,17000.559148070548,938.9349987506866
2.1,1,0.0007074220559397659,50,17031.1768897229,960.7507209479809
2.1,1,0.0002947184056449892,33,17028.597026901032,928.3814718723297
2.1,1,0.00020983293630072453,45,17026.696124803828,932.0115176439285
2.1,1,0.00040785001593546255,46,17050.566479079178,917.7682356834412
2.1,1,0.0002212034674018426,46,17023.844521465424,967.640309214592
2.1,1,0.0004484414734466924,46,17008.63358751017,978.1376487016678
2.1,1,0.00038321256982953855,48,17041.66349076892,946.4449760057032
2.1,1,7.336809641689257e-05,47,17066.060688168076,987.1407623291016
2.1,1,0.0006712799799455382,49,17013.833300629532,959.2834647297859
2.1,1,0.0006547308647948391,37,17016.545654256646,964.1276507377625
2.1,1,0.001568178312866042,47,17004.955658127346,917.5535441040993
2.1,1,0.00046659986091324157,43,17005.08370768844,973.468187212944
2.1,1,0.00031630472607036,49,17013.291361117383,979.4318111389875
2.1,1,0.0012589393038049401,35,17011.149487323513,957.7836762070656
2.1,1,0.00020351489989067773,31,16977.466442596797,968.8959773778915
2.1,1,0.0001171834233386626,44,16987.15647844231,969.5020408183336
2.1,1,0.00026348346911531095,42,17025.22211740794,918.5896619036794
2.1,1,0.000981343967849213,44,16984.80675873339,984.8576402664185
2.1,1,0.0022050705974510088,39,17027.42583400125,973.4218371510506
2.1,1,9.134113851416714e-05,39,17007.889212086306,971.2632926106453
2.1,1,0.00045468550787619577,41,17035.430626960733,914.0804065465927
2.1,1,2.086115338917338e-05,33,17045.012755025295,942.8844796419144
2.1,1,0.0005042158709702704,45,17021.99700580624,964.8966236114502
2.1,1,0.00012290501595035863,36,17049.41491806225,953.9918622970581
2.1,1,0.0005971381561273859,49,16998.373377571897,943.4213175773621
2.1,1,0.0015547887005933347,27,17022.771256393517,966.7841033935547
2.1,1,3.0753150034978916e-05,33,17037.966552472964,912.4649233818054
2.1,1,4.701652721550431e-05,41,17010.23018577573,951.1545841693878
2.1,1,2.405589602716418e-05,32,16964.785218835117,928.09348487854
2.1,1,0.000574724038761687,44,17022.38822682379,961.4371829032898
2.1,1,1.343419599786344e-05,31,17064.911564339636,930.1080087423325
2.1,1,9.058475942103072e-05,39,16997.85647553218,978.0022678375244
2.1,1,0.0006585816752124884,36,17006.08019644726,950.3916269540787
2.1,1,0.00048432603824810627,39,17015.09505990061,943.2082296609879
2.1,1,0.0002182570440387721,43,17031.162085794695,926.2963178157806
2.1,1,1.1043631797491571e-05,44,17048.88860979359,914.6699550477788
2.1,1,0.00015040156461276766,48,17042.06338860637,961.545491039753
2.1,1,1.0889369299604823e-06,48,17016.515736142417,1010.5453621149063
2.1,1,6.053135603067972e-05,40,17023.289359939463,952.4485558867455
2.1,1,0.00020201319539303597,40,16986.181498707385,946.9496039450169
2.1,1,0.0005893586633818337,47,17005.773811426236,939.144595682621
2.1,1,7.48309662488289e-05,29,16976.039298465832,928.5799746513367
2.1,1,0.000332170294609746,40,17029.15730436777,1001.9091544151306
2.1,1,4.993737492942074e-05,40,17004.89040652219,916.0956727564335
2.1,1,0.00013343377670693712,29,17074.566953641173,962.6616005897522
2.1,1,0.000731005618630931,31,17018.41690980923,993.3095743656158
2.1,1,0.0006299281293502546,40,17020.178107282747,973.075780749321
2.1,1,0.0005638227572726251,34,16974.050088369826,963.1173496246338
2.1,1,0.0005648089024865577,27,17059.58967676015,944.2984965443611
2.1,1,2.5328073141928087e-05,40,17076.678425684302,960.717204272747
2.1,1,0.0007185473781041729,32,17028.20431410054,964.1868058741093
2.1,1,0.0004284801395697535,39,16988.328218237315,927.1011056900024
2.1,1,0.0004038251882052535,29,16985.840011442124,966.5250256061554
2.1,1,0.0005393797673334255,40,17028.73820243697,989.9308744221926
2.1,1,0.00020692701079649822,48,17012.813487941727,956.248810172081
2.1,1,0.0017185436403863719,47,17004.867838822105,984.3376832008362
2.1,1,0.0006458193672194135,34,17028.342497963207,887.1699203699827
2.1,1,2.471353919419883e-05,43,16999.2847394009,987.6133822202682
2.1,1,0.0007746149505476474,40,17035.750466129146,929.0820704698563
2.1,1,4.6916992365808596e-05,39,17023.09849328359,977.5210591703653
2.1,1,0.0005709876208173092,50,17007.600148133282,923.9835971593857
2.1,1,0.00018106953643171053,38,17000.982025687485,952.5145463943481
2.1,1,0.0001830277172181205,44,16979.75524361848,958.1487379074097
2.1,1,3.4362073773053226e-06,41,17034.346888602297,955.0700089931488
2.1,1,0.00095826822310352,39,17055.266751687534,971.5269094705582
2.1,1,0.0009493565540386051,48,16979.20284759217,991.4950044155121
2.1,1,6.175545026021467e-05,50,17017.817177274283,957.7307774275541
2.1,1,2.853066497010559e-05,31,17017.82029489707,917.2701309919357
2.1,1,0.0007603307020684902,36,17011.12409645468,938.5796511173248
2.1,1,0.00012238794943053577,37,17021.446749398077,974.8073084205389
2.1,1,0.0005354773483761122,50,16974.180727921404,967.2075243592262
2.1,1,0.0001252598294492202,47,16991.420500570784,950.4447146952152
2.1,1,0.0003229214270903391,50,16975.355850486994,934.9861018061638
2.1,1,0.0016179222512002767,35,17003.069381665035,997.4080319404602
2.1,1,0.0007719339608835973,45,17022.317117005216,931.7194312810898
2.1,1,6.378671943618741e-05,48,17073.179672973354,928.2529559223913
2.1,1,0.0007363642854505414,48,16996.31741219249,964.5005458295345
2.1,1,0.00012907169961628995,32,17060.465213542848,993.6689920425415
2.1,1,0.00041133274566673705,45,17015.539898607854,933.5167089700699
2.1,1,0.0003368210096987845,50,17006.49711583283,948.7663719654083
2.1,1,0.00030815226902847215,40,17033.483144286256,906.0295366048813
2.1,1,0.003092366002283242,48,16981.91512114675,1020.0842490196228
2.1,1,0.00013731657567239708,38,17013.14737111334,937.5660746097565
2.1,1,5.191524526848568e-05,34,17033.627729431297,959.1618793308735
2.1,1,7.813394146616304e-05,43,17018.80011681382,923.6794522702694
2.1,1,5.2260771892242985e-05,43,17034.106191545372,956.456695318222
2.1,1,0.00013254916528770977,49,16987.640608915317,981.0585083067417
2.1,1,4.813066341791128e-05,36,17074.146027083774,903.4621426165104
2.1,1,0.0001684690573084957,44,16980.98719576065,934.4191576242447
2.1,1,0.0002972951662485457,36,17016.111780034364,885.4929946959019
2.1,1,6.402078467360184e-08,50,17036.2656427983,955.1355529427528
2.1,1,0.0005099552498784021,38,16993.593831070422,947.7500852867961
2.1,1,0.0007408905973202984,48,17049.570325878725,924.6184885501862
2.1,1,4.2868112068994435e-06,49,17010.20249324368,959.8189436197281
2.1,1,0.00024454394194250995,49,17012.501748437076,936.0306656956673
2.1,1,0.0001776957738965912,47,17024.39800067257,967.004077911377
2.1,1,0.00041075476957530555,36,16974.388750911654,934.9140703678131
2.1,1,0.0006406844960782365,34,17000.943099106073,989.3348226547241
2.1,1,0.0003194839292137708,45,17041.803945321913,933.1300548315048
2.1,1,0.00045275449483339614,41,17024.359406090207,926.6601455211639
2.1,1,0.00010760308019763798,47,16987.021758244395,977.8563891649246
2.1,1,0.0005512050765128507,50,17048.686307961347,967.3029623031616
2.1,1,1.076141234390704e-05,27,17022.37004861799,996.8693664073944
2.1,1,0.00020476399817903612,38,17042.382540070517,960.6043184250593
2.1,1,0.0006060113205967887,40,16990.193169617276,1005.2845287322998
2.1,1,0.0009691806567126982,46,17004.817917296965,939.3293751478195
2.1,1,0.00038366007576895456,50,17023.657234057686,939.1088656783104
2.1,1,0.0002867779710018503,42,17031.604510394263,931.8591878414154
2.1,1,0.0002919208258029826,38,17025.14152995013,939.3212985992432
2.1,1,0.00016760316149033727,46,17050.465286983854,955.142488360405
2.1,1,0.0006152075888898878,37,17036.69035054501,954.7188429832458
2.1,1,0.00020848903276116104,31,17055.630282222333,950.2941623926163
2.1,1,0.0001860986608348547,41,17020.70406850173,952.6364698410034
2.1,1,0.0009349943467480415,36,16985.097649198866,935.8604115247726
2.1,1,4.265867083352859e-05,37,17011.42765041317,962.3690555989742
2.1,1,0.00047634199181612047,49,17026.92183056852,969.1248358488083
2.1,1,0.0002847087313475605,43,17047.765739908104,930.8919513821602
2.1,1,0.0001233862001401853,38,17034.85794902766,946.6805313825607
2.1,1,0.00022954184449774928,47,16990.280376766244,946.3598704338074
2.1,1,0.0009148208674401026,45,17018.926478056503,945.6298147141933
2.1,1,0.00023560024305746552,34,17018.311079946077,951.1653166115284
2.1,1,6.519284683026427e-05,49,17060.331104246237,927.4357192516327
2.1,1,0.000536733090866548,33,16997.637414043355,951.5684700012207
2.1,1,0.0003849782184679462,50,17014.813937227686,955.1140120327473
2.1,1,0.0002744316466318786,30,16989.21552429528,949.2188308238983
2.1,1,8.306255627532622e-05,34,17005.646646988855,956.4630956053734
2.1,1,1.621633984560944e-05,40,17003.581156598542,931.1453990936279
2.1,1,0.00024651561474042794,39,17007.705003760537,920.1147582530975
2.1,1,0.00018828737638365567,36,16978.804276436746,970.4959815740585
2.1,1,1.4484105351098009e-05,41,17042.372654873667,964.1142901778221
2.1,1,0.00013297220100660923,42,17034.43258449403,919.3880512714386
2.1,1,8.870368583613342e-05,50,17056.872903314215,972.2197760120034
2.1,1,0.0003231798224998528,42,16994.03520244377,993.5606690645218
2.1,1,9.275351883886174e-06,48,17038.32829714077,934.9460819363594
2.1,2,0.0007484939085031783,28,17642.10914476768,676.9403268396854
2.1,2,0.0017895549585431603,27,17667.75040934127,661.7136162035167
2.1,2,0.0003585155765453152,29,17672.928785505246,706.7873185276985
2.1,2,0.000490486652389599,28,17668.397724373717,678.4593025445938
2.1,2,0.0005338967690518004,27,17649.715096277723,701.4754616618156
2.1,2,0.0007284588231133426,27,17659.55395835279,682.8523397119716
2.1,2,0.0022533335236478713,26,17650.177966960186,688.2729265093803
2.1,2,0.000830702062482036,27,17664.98508632963,677.4949962794781
2.1,2,0.0010497564354579048,29,17646.67253471531,665.1297591328621
2.1,2,0.000599953537214315,27,17664.27522063953,655.5485741645098
2.1,2,1.7079442624634567e-06,27,17639.219649214025,680.827600106597
2.1,2,0.0009094694745437337,28,17747.65824386304,693.1369245648384
2.1,2,6.985864066333392e-05,28,17646.39804634991,661.1414585802704
2.1,2,0.0003093412919628058,27,17656.620104656908,678.2808065731078
2.1,2,0.00048134901127605545,28,17653.625177764137,694.7050602436066
2.1,2,7.136393887696713e-05,27,17638.751233707153,673.6756122559309
2.1,2,0.0007308021298610967,26,17665.79196461095,663.161448739469
2.1,2,0.0003609517550309249,27,17642.85964321862,698.4375937432051
2.1,2,0.001171797569233135,26,17688.592614515703,690.54756295681
2.1,2,4.340969800242789e-05,28,17689.290586016552,696.8978085517883
2.1,2,0.0011081728567003957,27,17623.34220899485,658.3497987985611
2.1,2,0.000897444509232681,26,17650.546855889257,688.0009595155716
2.1,2,0.0007429862717582836,35,17656.948100907957,674.2005480527878
2.1,2,0.0012784036080493166,27,17675.12874346348,688.4160354137421
2.1,2,0.0001217596105962393,28,17709.56079935635,646.1111283376813
2.1,2,0.0015165404375028224,28,17652.497575396967,691.5013563036919
2.1,2,0.0005062127585935272,27,17678.19256364806,674.5325574427843
2.1,2,0.0009192588218911446,27,17681.543209304644,644.0073513817042
2.1,2,0.0013132807644318234,28,17673.766961888094,690.8237826228142
2.1,2,0.0025609004733686547,28,17709.685051337474,692.4888296723366
2.1,2,0.000534166430750993,28,17708.423155952736,674.4371471405029
2.1,2,0.00012570337968487166,30,17608.96973397917,686.1940674781799
2.1,2,0.0014219308283585086,27,17685.792300621084,647.5974342226982
2.1,2,0.0006509997245487398,28,17664.607420092707,662.576392531395
2.1,2,0.0007321623821683332,27,17634.53757412272,652.7222275733948
2.1,2,0.002001102212053407,29,17674.730076339703,683.6208670139313
2.1,2,0.0005004907062491348,28,17646.658817346688,662.3791540637612
2.1,2,0.00014708697021470485,27,17644.124580752596,656.3785057067871
2.1,2,0.0011980071448371987,27,17625.006484599126,673.1124564111233
2.1,2,0.0019215044389016,27,17725.698077019042,723.7573349475861
2.1,2,0.0016557423052789844,28,17694.995402435543,651.5453613698483
2.1,2,0.0017132519675224778,28,17651.412108974684,681.9976660236716
2.1,2,0.00013804002504258506,27,17694.3819725452,680.2970070540905
2.1,2,0.00040363494829609436,28,17666.160539388384,691.1576471328735
2.1,2,0.00048719185895906847,28,17666.53596966764,668.2934429347515
2.1,2,0.000725860103861109,26,17593.983346111945,677.0211402252316
2.1,2,0.0004591805028457685,27,17656.5013190677,659.8779691457748
2.1,2,0.0003574235526486724,27,17689.221567152523,697.9046421051025
2.1,2,0.0005635318725545346,25,17705.706945633912,692.104757964611
2.1,2,0.0007323567955381804,28,17687.21321332548,682.0235298126936
2.1,2,0.0009761418459279803,28,17640.52969238145,659.641428783536
2.1,2,0.00016377288123647915,28,17648.323725701663,660.2162217833102
2.1,2,0.0003991526116369215,27,17671.989620713557,679.1889203190804
2.1,2,0.0003707745144700958,27,17671.05972890112,652.2919389056042
2.1,2,0.001823269745306888,27,17680.596060003554,668.1995821297169
2.1,2,0.001223258922031345,26,17640.420334595536,661.1157984733582
2.1,2,0.0004393517999288221,28,17712.20734756333,680.7430689223111
2.1,2,0.0013625357040889519,28,17705.822572413326,682.7685782909393
2.1,2,3.2888686637644327e-05,26,17642.009618802105,658.565996542573
2.1,2,0.0012876439293449948,27,17660.67416663429,680.8859621882439
2.1,2,0.0005016435426083987,26,17681.220868929042,667.7880512475967
2.1,2,0.00048656712127881363,27,17686.41186526964,670.8103445619345
2.1,2,0.00017860917341572247,28,17693.279268458835,667.7381908893585
2.1,2,0.0011616253112025632,27,17626.418058694737,668.5744641423225
2.1,2,0.0014283550419951219,29,17692.120796726576,679.4193288981915
2.1,2,0.00012483641903049403,28,17677.718698174307,682.5200650803745
2.1,2,0.0013155821588806127,29,17735.691765590644,730.4056877046824
2.1,2,0.0005098160971286347,27,17669.440248772848,646.3083356320858
2.1,2,0.001257791289925425,26,17687.643935545027,658.3015310075134
2.1,2,0.0005873380401317796,26,17699.997440408475,697.2944219112396
2.1,2,0.00098584197491558,27,17646.724792298995,651.9762206077576
2.1,2,0.0012124134088038474,27,17673.570911898278,650.5610263347626
2.1,2,0.0002487839362448341,27,17649.949913400305,654.6638863682747
2.1,2,0.0013069412643491596,27,17687.30526886613,698.4383065402508
2.1,2,0.0008250651519809971,26,17690.743531736283,644.3738411068916
2.1,2,0.0009793578799262015,28,17692.640308862217,647.4000900387764
2.1,2,0.0002949836720631538,28,17652.400118150723,653.255011420697
2.1,2,0.0004690877378217273,31,17809.06735789315,748.2974245548248
2.1,2,7.404719911452418e-05,27,17624.923344785377,701.638247013092
2.1,2,0.000624526890436794,29,17609.502972644535,683.9371887715533
2.1,2,0.001967692486857242,27,17673.44804964362,650.0873343348503
2.1,2,0.00011929968589274864,27,17746.11715727245,724.0955594033003
2.1,2,0.0014072044952584406,27,17647.66283728822,687.056936532259
2.1,2,0.0003690535456737365,28,17628.799592945375,704.9224620759487
2.1,2,0.0006042307553215664,26,17672.40695084213,654.4130161553621
2.1,2,0.0006700039080480558,27,17690.19155348151,702.576131939888
2.1,2,0.0015742490052623737,27,17620.948545052015,701.0887532234192
2.1,2,0.0008606293769859441,26,17617.07211695878,673.1972167789936
2.1,2,0.0005838675173777119,28,17667.952584824572,707.1938987970352
2.1,2,0.00024198011531773034,27,17660.497441173018,691.9872205257416
2.1,2,0.0022743006011425315,28,17734.084764715342,692.4054038524628
2.1,2,0.0012821686434540958,28,17677.0916986542,666.7242144942284
2.1,2,0.0022165158152911424,27,17625.695387048614,685.6885571777821
2.1,2,0.0004198653797291563,27,17684.93372558587,690.4723033905029
2.1,2,0.0020420607673226066,28,17676.625485227833,680.728765130043
2.1,2,0.0008634088320640387,26,17680.099835597997,656.973577439785
2.1,2,0.0003695174663382872,27,17728.407928779823,675.4474314451218
2.1,2,0.0014380586346343094,27,17753.40583287664,715.2462314963341
2.1,2,0.001095435613801321,27,17628.219078361824,651.5282202363014
2.1,2,0.0001837622088749491,28,17689.66812860304,688.4661921858788
2.1,2,0.00047809817120381126,30,17692.919406133573,680.4545891024172
2.1,2,3.78103267832941e-05,27,17703.042801515625,675.3058652877808
2.1,2,0.00049104217380469,27,17673.60244380772,678.816503226757
2.1,2,0.0009129281968491831,28,17607.861050674146,687.3388100415468
2.1,2,0.001178875948300906,27,17669.5244944715,669.3776993751526
2.1,2,0.0017758714470077486,27,17704.412630568855,657.2215846180916
2.1,2,0.001531426427301863,27,17636.998550665,673.0584636330605
2.1,2,4.006547764490165e-05,27,17675.340378930974,696.6187673509121
2.1,2,0.0005893032470494219,30,17743.240515085163,674.2398751080036
2.1,2,3.181325223078346e-05,27,17649.09563690389,684.6341078877449
2.1,2,0.0008039233993737405,27,17651.81679519273,661.0425795316696
2.1,2,0.001440024354409264,27,17687.54998377596,656.3524848902598
2.1,2,3.545839934204764e-05,28,17649.46346817011,694.4635527729988
2.1,2,0.0016834829809728724,26,17694.687370402004,672.0289293825626
2.1,2,0.0008301919601376717,27,17656.25359710699,642.0824265480042
2.1,2,0.000320691804190254,27,17636.734527876608,674.0201974287629
2.1,2,2.2863465977351893e-05,27,17635.080833872686,651.0280709862709
2.1,2,0.00114228366879221,27,17684.811699737522,648.2529521584511
2.1,2,0.0010344798843844316,26,17680.259946113387,654.568126142025
2.1,2,3.6839127099952407e-06,26,17708.304262205715,666.2932798452675
2.1,2,0.0008658017986178379,27,17642.621259207797,655.1770659275353
2.1,2,0.00017883101751525743,27,17666.516901199324,669.2862637490034
2.1,2,0.001213573673580992,27,17658.852303923723,644.9642558395863
2.1,2,0.0004454996008100842,27,17629.544729393056,670.7865684479475
2.1,2,0.0006920811819668415,28,17681.332082391415,673.9698621630669
2.1,2,0.0020608822486156697,25,17691.619439952847,651.7499482631683
2.1,2,0.0005499190549835831,27,17682.568972364465,683.2620051503181
2.1,2,0.0011184697686075218,27,17658.35172339415,658.6263716220856
2.1,2,9.103177257596684e-05,27,17697.024409926864,656.2367226928473
2.1,2,0.0012076111998640116,27,17663.51295405626,696.2665726542473
2.1,2,0.0009251123662217253,28,17686.9722433229,687.0072003602982
2.1,2,0.0016496305084747753,28,17669.116772229656,698.4817615151405
2.1,2,0.001536135829889762,27,17662.033026631103,665.266301099211
2.1,2,0.0012186086011829467,28,17670.261687420392,667.1278987787664
2.1,2,0.0008197646449397133,26,17669.330683599033,643.6143119782209
2.1,2,0.002191312916400623,27,17662.519680558442,650.5220224261284
2.1,2,0.0015613491906414367,28,17691.8316398467,700.6393525004387
2.1,2,0.0003385605516350587,26,17661.707960210835,665.9311544895172
2.1,2,0.0010571300006327888,28,17781.453370325795,734.8605114519596
2.1,2,0.0011340023323782589,28,17627.000985140396,700.1446748673916
2.1,2,0.0009246418888109176,27,17656.138969595555,694.6271127909422
2.1,2,0.0007833993138270934,27,17642.750164150337,689.0401509702206
2.1,2,4.872568337255245e-05,27,17663.618166128257,655.6767137087882
2.1,2,0.00029723501975364996,29,17657.260278412923,652.6305370032787
2.1,2,0.00028861725514195413,28,17667.374993161695,663.4880703687668
2.1,2,0.0006066087876339665,28,17669.26693698387,684.7933898568153
2.1,2,0.0016197354431208844,27,17634.336715507485,661.4960225820541
2.1,2,9.211915242923752e-05,27,17675.983640235052,653.2033040523529
2.1,2,0.0012690659320342412,29,17693.647996666466,707.489787986502
2.1,2,0.00027890677925190843,27,17683.254124188996,641.909348577261
2.1,2,2.033389823186127e-05,26,17623.888689252857,674.6135578155518
2.1,2,0.0007235805281435859,27,17632.448467738486,684.3123868703842
2.1,2,0.0011282569491277705,27,17666.577014105005,647.5992239713669
2.1,2,0.0006906534761252914,27,17667.604888043767,685.2551010847092
2.1,2,0.00024075418533042736,27,17667.005362614764,678.4661891758442
2.1,2,0.0022113491708499744,29,17777.31189109813,710.4316251277924
2.1,2,0.0018936824375601624,28,17645.566069307686,665.7725962400436
2.1,2,0.0011753994766903197,27,17622.92654987122,650.7357819080353
2.1,2,0.0007500180136008616,27,17644.97503048675,672.4862374737859
2.1,2,3.4113759873388716e-05,28,17655.443987837476,689.2071884870529
2.1,2,0.00230552699278741,28,17672.200335777372,664.5669639185071
2.1,2,0.0005877551964861283,28,17701.806683551185,670.63634121418
2.1,2,0.002006054885186792,28,17693.613210616408,689.9026363492012
2.1,2,0.00017434832067664274,27,17627.37717459824,685.9726280868053
2.1,2,1.64547555150385e-05,27,17643.978600259004,679.514029815793
2.1,2,0.0010009165349180726,28,17659.11034833379,697.712437838316
2.1,2,0.001618732602067574,28,17761.20008159303,721.3017313480377
2.1,2,0.0012929097797806932,28,17680.179265069248,681.4673098325729
2.1,2,0.00040036323545278307,29,17694.582025232543,716.1519580483437
2.1,2,0.00035849413258359775,27,17675.92916929867,665.7809541225433
2.1,2,0.0014146318155678905,27,17680.92264067925,682.373372964561
2.1,2,0.0011227320488007564,27,17659.79184763929,649.5637576282024
2.1,2,0.0008411364533520427,26,17680.25053477404,667.1804492473602
2.1,2,0.0011022017146142815,28,17679.06812530288,643.0356788635254
2.1,2,0.000415869498643584,28,17698.483693066933,710.3202795088291
2.1,2,0.0005524047587410763,28,17650.028026088403,648.2432493939996
2.1,2,0.0012456858361948875,29,17662.392568797564,697.8375119091943
2.1,2,0.0009159450691837989,27,17670.913600665433,688.20676381886
2.1,2,0.0016474140001894177,27,17684.157166042358,695.107232093811
2.1,2,0.00010478838384875289,27,17696.96326048616,651.4104272890836
2.1,2,0.0019002531351666185,28,17665.47413833515,698.2999241054058
2.1,2,0.001021040003621021,27,17637.722157561944,685.5043772161007
2.1,2,0.0012569429900746165,26,17663.556205636938,657.9269331097603
2.1,2,0.0009084501128566735,27,17674.957792197805,686.2157723605633
2.1,2,0.0007557506520625701,29,17707.636477343385,690.3545496463776
2.1,2,0.0011095562493212974,27,17650.532061372633,663.1436312496662
2.1,2,0.0005492629338275101,26,17665.65483281017,665.1999965459108
2.1,2,0.0010142970548718822,28,17655.500473428245,683.0040179491043
2.1,2,0.00012403316960574173,26,17665.843093172654,656.2963231280446
2.1,2,0.0008655472724194979,27,17658.36839134615,665.4825123548508
2.1,2,0.001955632776599714,28,17695.633431276216,674.2902861833572
2.1,2,3.7883030870933254e-05,27,17656.347992999195,702.8345857486129
2.1,2,0.0008704729199267014,28,17628.25062873616,669.4972253888845
2.1,2,0.0014243139342728917,27,17643.9405018627,687.590940207243
2.1,2,0.0006483162720489766,27,17631.111928576407,653.7318066954613
2.1,2,0.0002599115437393884,27,17657.89557071355,666.4464552104473
2.1,2,0.000945046316408682,27,17685.11410353288,671.1603121757507
2.1,2,0.00011977583495736965,27,17675.67283610768,649.831871509552
2.1,2,0.0006975168633580608,26,17651.780276448248,663.957911491394
2.1,2,0.0005574980704956545,28,17630.383574658874,680.2278346419334
2.1,3,0.0003787836310404913,30,18137.212692327354,798.0639824867249
2.1,3,0.0002634180789020668,30,18143.94289773601,787.7819359302521
2.1,3,0.00011961616710109979,38,18160.94373503107,794.4646739959717
2.1,3,0.00013095646375660408,29,18171.674324999018,792.6812901496887
2.1,3,0.0001988442509865962,29,18190.492086192735,790.8990526199341
2.1,3,0.0010481656618495094,29,18142.315940901895,792.1096301078796
2.1,3,0.0004198526660501578,30,18151.83137897349,794.0062470436096
2.1,3,0.00150820315005884,29,18151.28193351909,792.6049032211304
2.1,3,0.0010453795059541804,30,18159.68130730907,794.0556564331055
2.1,3,0.001677064722546362,30,18144.781847591847,793.3663101196289
2.1,3,0.00032070922060167817,29,18176.85426294224,792.5094730854034
2.1,3,0.0011016981054465802,30,18166.67380031594,793.9123532772064
2.1,3,0.0005441682356850386,29,18149.619043571383,783.2978944778442
2.1,3,7.268610404675968e-05,43,18138.38997626759,788.3358969688416
2.1,3,0.0006475690968921199,32,18172.31455442624,783.1195766925812
2.1,3,0.0007061388046385453,41,18175.484841169033,784.3014359474182
2.1,3,0.001072502864817526,30,18156.13454139621,788.7200260162354
2.1,3,0.00032315508715763386,30,18144.629378785663,789.0151307582855
2.1,3,0.0017343507337748143,29,18172.264698873387,789.1477814912796
2.1,3,2.4022755520825e-05,33,18141.033179713195,791.5418577194214
2.1,3,0.0009126531183434317,34,18183.671765122843,790.8660831451416
2.1,3,0.0007961419827551275,30,18199.076630162766,783.3709795475006
2.1,3,0.001508826997539181,29,18146.33157284383,791.8413398265839
2.1,3,0.0009915077709039544,31,18144.917616352195,794.8178715705872
2.1,3,0.0004479834667732163,31,18171.580081781332,784.8205237388611
2.1,3,0.0006917792942728873,29,18164.252079549013,790.6397638320923
2.1,3,0.0009257969417313383,30,18180.690536953764,789.1908402442932
2.1,3,0.0001899624095296204,31,18164.533591353123,797.27512550354
2.1,3,0.0010959297348005492,31,18149.396344318597,784.6074819564819
2.1,3,0.0009194297285275432,30,18197.376495228855,776.7933483123779
2.1,3,0.0003698672521248447,30,18132.797253529192,789.7170534133911
2.1,3,9.435337715624215e-05,31,18149.053450714015,793.121012210846
2.1,3,0.0006453754894568675,34,18127.56996670488,793.6760046482086
2.1,3,0.0005917524199832158,29,18149.03151006181,785.0341365337372
2.1,3,6.541803915238731e-05,49,18142.548215584764,786.7832865715027
2.1,3,0.0007701580535242059,30,18156.400452436217,796.3692450523376
2.1,3,0.0006451723531810671,30,18206.614269715556,783.1824935823679
2.1,3,2.9005012097016447e-05,30,18198.94192909924,790.4628829956055
2.1,3,0.00012189997830391874,35,18148.371296863814,789.8190395832062
2.1,3,0.0008614798946435798,32,18169.214363701143,782.6437081098557
2.1,3,0.0004418785910220713,29,18146.599711411633,793.7741875648499
2.1,3,0.0015770533329724223,41,18145.488236284218,793.5033478736877
2.1,3,0.00084763299916224,29,18152.74642700334,790.3668932914734
2.1,3,0.0016328793373276973,28,18169.057615473954,785.6498214006424
2.1,3,0.0012376882688469593,30,18182.15704335833,792.0188946723938
2.1,3,0.00023727306743070997,30,18199.935097631474,788.4299513697624
2.1,3,2.627391322462813e-05,29,18131.628964188134,797.1122803688049
2.1,3,0.00027081420688901403,29,18163.49504248899,787.4424164295197
2.1,3,0.002019282668592748,29,18153.284051936247,789.0150563716888
2.1,3,0.00043463028685453153,31,18161.03991176672,791.0488204956055
2.1,3,0.00025734075811367774,31,18159.897555087184,786.2156250476837
2.1,3,0.00010491253193656291,30,18152.098068969928,795.1936581134796
2.1,3,0.0005590722854895702,29,18204.82746773086,791.4093568325043
2.1,3,0.0011165940728283807,29,18161.43528050161,788.7180960178375
2.1,3,0.001373735738905868,30,18209.435914488015,786.3120768666267
2.1,3,0.0013703722319751144,30,18186.78441847119,791.1711778640747
2.1,3,0.0008054508057280252,33,18136.124796882028,790.4921567440033
2.1,3,0.0011537001026700189,29,18154.585741498904,793.829484462738
2.1,3,0.00014698460991802165,29,18188.89699622404,790.5928676128387
2.1,3,0.0012008039853586006,31,18161.75170000663,793.4349352121353
2.1,3,0.001099578673684487,28,18139.121931247915,781.9696724414825
2.1,3,0.0012906974745354738,29,18183.38928952377,788.8372273445129
2.1,3,0.0002183304775735806,30,18204.347414256634,797.6257376670837
2.1,3,0.0012646995729461707,29,18163.42488914323,792.9888663291931
2.1,3,0.0002219520405941644,30,18147.73572230969,786.7129189968109
2.1,3,0.00046738012897584724,32,18147.95158735435,782.689267873764
2.1,3,0.00036415129213773767,30,18157.649848287787,796.9489898681641
2.1,3,0.0003091968566879544,31,18173.159630101894,787.8455839157104
2.1,3,0.0010852184901470885,29,18140.11702429323,794.5915713310242
2.1,3,0.0004574910250929598,31,18141.803751937514,794.4042148590088
2.1,3,0.0005054081278141886,30,18153.67536536771,797.8005242347717
2.1,3,0.0008875654447888515,30,18135.547209962544,793.1910095214844
2.1,3,0.0009730695146523693,31,18155.780962122823,789.0345816612244
2.1,3,0.0006359549877368309,32,18145.440690901854,786.995258808136
2.1,3,0.0008922277077383356,31,18134.865804642588,797.6710591316223
2.1,3,0.0012720766727278843,30,18171.073277027375,789.5876398086548
2.1,3,3.422092067006943e-05,31,18144.050495920976,794.4923341274261
2.1,3,0.00011733162994742585,31,18165.489529508606,791.0201343894005
2.1,3,0.0005225567826618871,31,18206.388424702807,785.0580987930298
2.1,3,0.0010613711336926457,30,18171.07173964214,794.4676218032837
2.1,3,0.00158080679816619,29,18188.8899993974,788.7518787384033
2.1,3,4.9794452013252055e-05,29,18162.66376998906,782.8400082588196
2.1,3,0.00034565510559980694,30,18163.44457501461,789.776547908783
2.1,3,0.00023933097347983434,32,18168.281066880263,784.0013881921768
2.1,3,0.0005505812507511365,31,18169.198962611295,794.2209156751633
2.1,3,0.0006033240092064851,29,18144.21219587334,795.3776326179504
2.1,3,0.0003214404683848926,29,18182.40480862817,785.8304481506348
2.1,3,0.00014960572350730672,29,18164.052231114052,791.7861957550049
2.1,3,0.0003678981843626694,29,18154.55890565435,781.1430659294128
2.1,3,0.00012585133800069315,30,18202.482028538823,790.1507647037506
2.1,3,0.0013240125628288801,49,18166.83616358661,789.8324165344238
2.1,3,0.0007171112064061624,42,18149.561142537194,797.3256182670593
2.1,3,0.000606392737295014,29,18181.312273666048,783.9559457302094
2.1,3,3.0339447392613295e-05,47,18140.926032928095,792.3719601631165
2.1,3,4.5423138571365484e-05,29,18182.757103594256,793.111077785492
2.1,3,0.0009053889697172579,31,18169.568240887715,792.7384481430054
2.1,3,0.0014727805330165822,29,18140.593813816697,789.4619274139404
2.1,3,0.0006359964964497422,30,18186.591495079658,789.2091298103333
2.1,3,0.0009895009701397228,30,18155.48146935109,792.8056769371033
2.1,3,0.000150594681664451,32,18141.133420556213,795.3702845573425
2.1,3,0.0011650589419374136,30,18136.65349139113,794.9684219360352
2.1,3,0.0009753087700672403,30,18151.275985115586,787.1814901828766
2.1,3,0.0002945349403677966,30,18122.47826257948,797.0603487491608
2.1,3,0.0001707690409564755,31,18165.844945931298,781.2360827922821
2.1,3,9.901071720497256e-05,29,18171.02750328346,789.8389782905579
2.1,3,0.0012565422783730185,29,18171.100434777698,791.2198204994202
2.1,3,0.0011784873588696065,29,18191.605333042582,790.3658328056335
2.1,3,0.0002150759241859035,28,18159.360286433406,794.7090044021606
2.1,3,0.0002988939072205987,33,18164.36048314841,782.8531316518784
2.1,3,0.0005749831855585974,31,18152.24638422782,789.8684296607971
2.1,3,0.00024138567155196355,30,18153.42784777792,786.8427760601044
2.1,3,0.0002592290082232829,32,18167.367653487683,788.5494360923767
2.1,3,0.0019375148908014062,29,18151.107379456967,791.5707850456238
2.1,3,0.0006340846371695186,30,18176.844763619138,787.9994252920151
2.1,3,0.0010775356052685758,30,18161.186628175896,786.0084519386292
2.1,3,0.0007616653089099756,31,18138.850172966362,788.6513452529907
2.1,3,0.0006569536156550981,29,18173.72714776347,793.2554240226746
2.1,3,0.00034817586357815955,30,18200.208038271838,788.6355533599854
2.1,3,0.0006015583201404162,29,18183.014321455707,786.1229968070984
2.1,3,9.09693780837273e-06,31,18184.3548220441,781.3275299072266
2.1,3,0.0011891924690510258,29,18167.52247746203,789.8270258903503
2.1,3,0.0011664476194779283,30,18161.545549708255,784.8838932514191
2.1,3,0.00010029197808369972,30,18199.719556312033,792.9761161804199
2.1,3,0.0004360293672589499,29,18167.530939953318,795.0669813156128
2.1,3,4.9046504750016595e-05,32,18179.014187802113,788.6647734642029
2.1,3,0.000828477068825606,29,18192.211513784638,787.9725794792175
2.1,3,0.0015561849346585888,29,18096.55527495005,793.4792041778564
2.1,3,0.0007681459943009727,30,18156.69394673502,793.159782409668
2.1,3,0.0008308376985750598,29,18182.65271143204,794.9234900474548
2.1,3,0.00031632235097411865,30,18143.145966902335,790.9211543798447
2.1,3,0.0011206847545341958,32,18149.987488568702,797.6287839412689
2.1,3,7.226327704046298e-05,29,18196.68264837871,794.6438498497009
2.1,3,0.0008160565604886649,30,18156.213206830238,792.5186941623688
2.1,3,0.0005914464749774417,33,18142.908374095576,792.8011019229889
2.1,3,0.0003112674732630438,33,18171.91836779507,780.0992040634155
2.1,3,0.0003195966161810837,39,18146.35740895208,793.9878497123718
2.1,3,0.0006142752284077346,34,18127.706539695413,785.3132627010345
2.1,3,0.0005114413412994345,31,18176.498792789225,781.7088840007782
2.1,3,0.001571656469130378,29,18171.9560742585,794.115245975554
2.1,3,0.0003443648819021483,36,18139.481720089338,791.8380694389343
2.1,3,0.0011391003801723976,30,18166.163270187004,794.3698208332062
2.1,3,0.0005145837931403996,35,18116.25547002459,790.7103791236877
2.1,3,0.0007756267787799587,30,18188.568629503457,785.4196791648865
2.1,3,0.0003370563281714922,29,18168.373439878225,792.3803238868713
2.1,3,0.00032193702763549936,31,18177.08909589511,789.4535779953003
2.1,3,0.0007850700354627982,30,18163.154662738634,794.9366863965988
2.1,3,0.0008086742737494212,30,18170.270251915605,786.6592741012573
2.1,3,0.0005482194109500682,30,18132.878451852022,795.5514049530029
2.1,3,0.0008681516069746209,29,18156.91002478604,793.1990494728088
2.1,3,0.00034913630513422333,29,18147.396716825315,791.1048612594604
2.1,3,0.0005040919417114154,34,18128.62236997928,790.739049911499
2.1,3,0.00041876444850030836,33,18122.24168072899,789.4934010505676
2.1,3,0.0016335471430393156,29,18140.40705678756,787.8513367176056
2.1,3,0.00020274940575859546,31,18137.543528305017,788.9821195602417
2.1,3,0.0003559698366282227,30,18154.280398782914,788.6623646020889
2.1,3,0.0013454505521588445,30,18173.687198884814,784.5732469558716
2.1,3,0.0006551657341899997,29,18155.483524734136,792.2976727485657
2.1,3,0.0006032475638009238,32,18156.779498153657,789.9940958023071
2.1,3,0.0006726567242871795,29,18144.015537474304,792.8160834312439
2.1,3,0.0004335572401776844,29,18216.88859777307,791.2462978363037
2.1,3,0.0019032503992866268,30,18166.022203491924,792.8741211891174
2.1,3,0.000639116961147046,31,18182.676744703145,786.9252254962921
2.1,3,0.0004440072800120376,31,18161.001805776137,788.8129215240479
2.1,3,0.00039548588932847295,31,18176.928750831736,781.7863698005676
2.1,3,0.0004540356493012432,30,18169.016234276773,781.1060180664062
2.1,3,8.264162876203685e-05,32,18124.996574557244,785.7394874095917
2.1,3,0.0008604610748728092,31,18177.08045675368,784.726975440979
2.1,3,0.0010474557190365275,30,18183.233074107768,791.5205330848694
2.1,3,0.001058690999330647,30,18158.87714824519,790.6666994094849
2.1,3,0.00045808906821198647,30,18135.38688067942,792.5250601768494
2.1,3,0.0010906874827942836,31,18157.101531301665,789.7843008041382
2.1,3,0.0012530642149251037,31,18130.591802303126,791.4333734512329
2.1,3,0.00118822818814035,29,18175.652016303444,791.1863219738007
2.1,3,0.000824683751422306,30,18181.20977618463,793.0858426094055
2.1,3,8.412261833967705e-05,36,18114.811580058595,795.1968050003052
2.1,3,0.00032531594408302666,29,18176.038057446694,791.0004560947418
2.1,3,0.0005854776167004694,32,18118.524023922586,796.679856300354
2.1,3,0.0008184294341853082,30,18170.697676823384,788.9949631690979
2.1,3,0.00012882396714530842,44,18126.766223755974,787.3941149711609
2.1,3,0.0005780387791753938,30,18141.0346830165,788.2955765724182
2.1,3,0.00010486105688745084,32,18141.62791296982,792.0812735557556
2.1,3,0.0004839587076879148,30,18157.074086464654,794.8129453659058
2.1,3,0.0004615915615429067,31,18148.072914573186,787.6176369190216
2.1,3,0.00029345183814433184,29,18153.011587604167,786.0884547233582
2.1,3,0.00016030959574830916,46,18175.976082260924,795.2652473449707
2.1,3,0.00048522019399488414,30,18134.08221289342,790.136775970459
2.1,3,0.0002799376371425133,30,18157.56303032259,785.6628932952881
2.1,3,0.0015816844376765893,29,18181.229049166148,796.7752516269684
2.1,3,0.0008719402169705681,30,18162.18857978144,794.8077330589294
2.1,3,0.00033688195914560737,31,18124.63606447937,793.4425323009491
2.1,3,0.0009806748386433917,29,18178.609732077006,791.1756999492645
2.1,3,0.0018371634928540104,29,18146.5254422851,785.0619751811028
2.1,3,0.00045610373213644806,30,18199.646256029944,783.4379134178162
2.1,3,0.000104709188054386,32,18152.4855541243,785.0381145477295
2.1,3,0.0005090050044604943,30,18199.337442046974,788.1197202205658
2.1,3,0.0016359154469531845,30,18147.210718287093,792.2430806159973
2.1,3,0.001388750224306179,29,18185.998008645063,787.365341424942
2.1,3,0.0007879515668376413,30,18189.615151789556,793.1160137653351
2.1,3,0.0011381793039668686,29,18151.640769607973,795.7233150005341
2.1,3,0.00016408877900753183,32,18148.187600789013,781.7672901153564
2.1,4,0.0002233941692799668,50,18553.079709057456,849.9899332523346
2.1,4,9.956470720018373e-05,37,18535.97863180718,846.0162084102631
2.1,4,4.688023110022144e-05,40,18528.54042630666,857.2561945915222
2.1,4,0.0005379814228985147,40,18508.692873162207,851.6797627210617
2.1,4,1.6085672223997705e-05,49,18647.828886526993,861.3145246505737
2.1,4,0.0001815407719889528,37,18491.84995324491,846.3913587331772
2.1,4,0.0002367216075853662,50,18523.844127342167,851.764582157135
2.1,4,2.9881942802845174e-05,45,18537.005195596317,847.0963868498802
2.1,4,0.00023182820314060493,36,18572.1499403518,849.1790943145752
2.1,4,7.1827214322972566e-06,46,18545.546660613658,848.5256436974742
2.1,4,2.161271121670083e-05,48,18527.93085810891,850.7120704352856
2.1,4,0.00029110103389351494,43,18536.704702730432,853.2390685081482
2.1,4,0.0003215783761616464,34,18593.444533221424,850.6924939155579
2.1,4,5.406389888662488e-06,44,18538.628598268173,851.5408969521523
2.1,4,0.0002663896829471213,32,18583.216038536808,851.0685858726501
2.1,4,0.0001513104579498048,37,18519.78889159455,850.6431474685669
2.1,4,0.00016983811933934945,39,18524.428756058987,849.3999847918749
2.1,4,0.00017111168270877997,40,18532.51134252292,847.9691123962402
2.1,4,5.1629659640006764e-05,33,18527.103741202995,853.9453462362289
2.1,4,1.9663834400773794e-05,42,18522.59824321897,855.9980789422989
2.1,4,0.00019770015357423176,48,18520.247868848808,854.322407245636
2.1,4,7.910557345658376e-05,33,18580.630248315236,854.6997566223145
2.1,4,0.00036898235594273743,35,18611.11340155627,852.8620181083679
2.1,4,1.5199729308079668e-05,43,18531.915226157984,850.1350806951523
2.1,4,0.00035541851593690055,50,18542.797555943038,851.7380061149597
2.1,4,0.0005887543314408994,42,18549.859634571658,847.1455755233765
2.1,4,0.00021907382647023965,48,18517.326434757182,847.9711812734604
2.1,4,3.329270396790207e-05,41,18614.2511316286,851.9816274642944
2.1,4,1.1739104119445898e-05,49,18548.913739913187,849.1232423782349
2.1,4,0.00047630562778255836,42,18521.173304549247,846.3386727571487
2.1,4,0.00013075181050581364,44,18560.29315756047,849.9893214702606
2.1,4,6.58340786152678e-06,36,18553.25891996523,856.9323267936707
2.1,4,1.7465266882510377e-05,39,18595.4817034528,856.6002583503723
2.1,4,5.145109068394049e-05,34,18542.5906160104,851.7786546349525
2.1,4,0.00013390763717469056,49,18550.22986353897,854.9480700492859
2.1,4,0.0004648846777408622,34,18554.889911912866,850.3996673673391
2.1,4,4.524366919778089e-06,49,18534.21109075473,852.2621827125549
2.1,4,0.0002619756465125356,40,18509.821944217205,851.2990013360977
2.1,4,0.0006248371259465202,46,18535.17459265706,852.1954174041748
2.1,4,8.87956652828592e-06,36,18572.868066514955,851.8607268333435
2.1,4,3.907488723386976e-05,40,18552.780314774875,852.1245691776276
2.1,4,5.087036134554523e-07,40,18535.997869034225,847.8715404868126
2.1,4,0.00017488267003917812,50,18503.078302054055,853.202551484108
2.1,4,0.0006280951786448163,37,18521.882072819863,850.3023021221161
2.1,4,0.0005906246200555465,41,18535.55998193853,848.6236138343811
2.1,4,6.284012635937586e-05,48,18522.61663172751,846.3629384040833
2.1,4,9.853431066009222e-05,44,18563.17731249054,847.6515617370605
2.1,4,0.0005556690937167374,49,18546.616171087648,852.8193225860596
2.1,4,0.0007113527535302921,31,18553.8110271514,860.6945049762726
2.1,4,0.00032250715170256683,48,18508.830692295545,849.7393024563789
2.1,4,9.476366188776453e-05,42,18544.90808860307,851.0266970396042
2.1,4,0.00019853844618022976,42,18531.050313794793,847.2682572007179
2.1,4,0.000677810647293775,39,18531.264347806227,852.8257710933685
2.1,4,0.0001856498498846726,48,18551.27727526124,848.8595247268677
2.1,4,6.367449951483195e-05,45,18526.630544492215,852.0644674301147
2.1,4,0.000165001783375196,42,18520.351016629716,846.9772336483002
2.1,4,0.0001077965466973474,41,18546.22421671293,856.7198452949524
2.1,4,5.321717003958781e-06,46,18576.762072602185,854.1480684280396
2.1,4,0.0001565076842862112,44,18551.650801237793,850.2351293563843
2.1,4,5.745191636519209e-05,50,18547.59295892794,849.1699861884117
2.1,4,0.0007188156516715338,33,18584.139829832213,858.2134017944336
2.1,4,0.0001297851148591711,44,18549.185755176415,849.6101441383362
2.1,4,0.0005448661767588625,41,18548.769199362698,845.112002313137
2.1,4,0.0002204677883845818,49,18545.28448923019,851.9857786893845
2.1,4,3.727957676646909e-05,40,18542.705803086752,850.4582640528679
2.1,4,7.764593674641773e-05,40,18564.113190426382,851.0656116530299
2.1,4,5.906917648967891e-05,49,18533.327883367096,848.955267906189
2.1,4,0.0003003756378547884,36,18555.602569280712,852.0592212677002
2.1,4,0.00012102194995877724,39,18535.4312542833,850.1644974350929
2.1,4,0.00012773503958340982,38,18521.42366498364,850.7468040063977
2.1,4,0.0006587050340667311,45,18552.977201551366,846.3191548585892
2.1,4,0.00013347263561280798,49,18507.80968466047,849.6252768039703
2.1,4,0.00038000214091882256,48,18602.310662525997,854.7696371078491
2.1,4,0.00016326286038959026,48,18512.310200767566,850.2742660678923
2.1,4,7.916058095691625e-05,50,18527.157124461715,847.8472673892975
2.1,4,2.158745628921821e-06,35,18509.349553961703,852.2039465904236
2.1,4,2.8219130941753434e-05,33,18564.785499962745,851.3859899044037
2.1,4,0.0007012747314711909,37,18538.811446325508,853.9804763793945
2.1,4,0.00033905534100453494,33,18564.63652643169,852.2470026016235
2.1,4,0.0004093885983884604,41,18570.992026572952,849.3728623390198
2.1,4,0.0003652392062765131,35,18509.632572868744,852.960520029068
2.1,4,3.82331751294096e-05,41,18542.325740195705,852.7941236495972
2.1,4,9.670312220988464e-05,49,18508.33430972779,853.5827388763428
2.1,4,5.56471862966923e-05,34,18578.672633731407,853.848217010498
2.1,4,0.0003620906927968015,34,18552.87311178878,854.8567867279053
2.1,4,7.444605718465169e-05,50,18536.068464542997,850.3690702915192
2.1,4,0.0005210116562466283,39,18551.444939320412,853.1549265384674
2.1,4,6.875050057253418e-06,44,18559.35840866332,854.6367139816284
2.1,4,0.0006290002720352739,35,18554.675622286162,850.7828704118729
2.1,4,1.5201416863952488e-05,36,18546.408047940397,855.4354321956635
2.1,4,0.0006560452629731373,34,18533.54449093422,849.6158774495125
2.1,4,0.0011461165194366352,40,18549.746559883733,854.4843745231628
2.1,4,0.0006099240223154112,35,18595.052685275183,854.9446878433228
2.1,4,0.00019262906938077862,45,18546.877327430786,854.2324986457825
2.1,4,3.412290098969706e-05,48,18557.10645424288,852.6615662574768
2.1,4,0.00010147378661917728,45,18543.122632422994,849.3592473864555
2.1,4,0.00011432237475794693,47,18519.630825659035,852.5043268203735
2.1,4,0.00018823119230804153,41,18511.2875541492,852.6043152809143
2.1,4,5.375894122217062e-05,45,18521.96111446933,853.895706653595
2.1,4,5.632299534941154e-05,39,18577.54155186414,854.8526871204376
2.1,4,6.3305972906047e-05,44,18596.363284817857,860.6854000091553
2.1,4,0.00037438911727516455,38,18565.848592853035,851.7324905395508
2.1,4,3.276645309790993e-05,33,18570.694821666257,847.7928124368191
2.1,4,6.020654149985205e-05,44,18554.061716915083,852.9713680744171
2.1,4,0.0005676402307868145,50,18624.45275330749,857.7340459823608
2.1,4,0.0004866401968612877,39,18542.73674428461,848.1422829031944
2.1,4,0.00010157239637953452,32,18598.412114847153,857.3814449310303
2.1,4,1.9604061022526764e-05,38,18539.785916657394,847.8300304412842
2.1,4,4.997809265638864e-05,50,18506.49078337637,853.6804223060608
2.1,4,8.44890069169324e-05,37,18505.04048282302,850.9252963066101
2.1,4,0.00015333396137240385,41,18571.37262399489,856.9536163806915
2.1,4,0.00012340413716360743,32,18531.566175294647,852.1031820774078
2.1,4,0.00026371832733573797,41,18564.223626188188,850.6205377578735
2.1,4,0.0008067710702910347,40,18647.913247681878,856.6366291046143
2.1,4,0.00043536673899957634,46,18538.467027750165,850.9833986759186
2.1,4,0.0003039995186258082,36,18544.1305112221,854.5048749446869
2.1,4,0.00011476587443315367,38,18541.167578478045,853.0619878768921
2.1,4,6.497744277744744e-06,37,18615.89751993394,854.35511302948
2.1,4,0.00034224203208221837,43,18544.197063096155,845.6225081682205
2.1,4,7.969552654252254e-06,41,18572.335535573133,851.328791975975
2.1,4,8.270750643779579e-05,36,18522.567480706406,852.3705291748047
2.1,4,0.0006372405864687458,33,18550.394314245343,848.9966239333153
2.1,4,0.0005334043159983537,43,18554.43356364017,850.933929502964
2.1,4,0.00014451949812510634,42,18512.30409560087,849.6644496917725
2.1,4,0.00023885060307460293,36,18539.15824729482,853.432267665863
2.1,4,9.80056472865698e-07,49,18533.314203150454,850.0888361930847
2.1,4,0.00011301666235130625,42,18559.29345048163,848.43811160326
2.1,4,4.221509007873436e-05,46,18547.34593964398,848.6381166577339
2.1,4,0.0004888570536687453,34,18564.617043504644,850.382657289505
2.1,4,0.00016917052049070236,40,18533.160610962528,852.6883897781372
2.1,4,5.774156460569557e-05,42,18545.71938872774,851.6915518045425
2.1,4,0.0009223173013603869,31,18581.02452892109,851.4014863967896
2.1,4,2.9049820402970994e-05,35,18557.247327846733,856.2260422706604
2.1,4,0.00022655358416789895,33,18561.338331233546,852.0361609458923
2.1,4,0.0002396427184039318,47,18611.43017619186,860.01926612854
2.1,4,2.079636783625105e-05,41,18561.86652614755,846.502313375473
2.1,4,9.570812368409065e-05,48,18545.037640148956,852.022162437439
2.1,4,0.00013379511244870912,39,18521.37313849036,857.32190990448
2.1,4,0.00028201387106818743,36,18560.766223860694,852.1215553283691
2.1,4,0.0001400472738906089,44,18594.015003919147,852.755006313324
2.1,4,6.707319643650678e-05,42,18538.44257910881,849.1756855845451
2.1,4,0.0003290366174892867,36,18573.24330668961,855.9375023841858
2.1,4,5.18477042170673e-05,45,18621.888386198963,854.2932868003845
2.1,4,3.49386673188512e-05,37,18584.048734886204,852.7316446304321
2.1,4,6.927325089156611e-05,40,18533.927996561582,855.8047206401825
2.1,4,0.00018770965869929768,43,18578.73376902863,860.3903017044067
2.1,4,9.320495308884347e-08,43,18566.068531333556,848.4556074142456
2.1,4,0.0001342381512756674,38,18542.12442837912,847.0103942751884
2.1,4,0.00026384455032602006,50,18547.095895053564,850.720944404602
2.1,4,0.00021683794601567996,37,18545.639823492464,848.5255722999573
2.1,4,0.0005915230743327449,37,18572.045705627697,850.6192886829376
2.1,4,0.00013415211689826734,37,18538.347469437773,851.3068783283234
2.1,4,0.0003673630501483949,39,18523.346322427744,848.586132735014
2.1,4,5.401030001017659e-05,42,18568.738915717116,846.0502725839615
2.1,4,0.0004660682633303992,40,18572.678951323815,847.8322369456291
2.1,4,0.00010105648398095468,41,18556.328825027675,851.1207394599915
2.1,4,0.00012648307739127063,41,18512.68511278592,847.0972362458706
2.1,4,0.0005309271754327938,39,18567.172542038123,853.5126376152039
2.1,4,6.3240701758005e-05,38,18525.860761715052,855.7109022140503
2.1,4,0.0008333909669899775,41,18560.04826403349,849.0521712303162
2.1,4,0.0006306614290587653,50,18516.84366508389,849.9986402988434
2.1,4,3.8503401492473444e-05,39,18540.151539225863,843.9341999292374
2.1,4,0.00011499576438156467,43,18582.45233736854,848.8242785930634
2.1,4,0.0001388416979870577,46,18498.183409159265,856.9335780143738
2.1,4,0.00016907697460499804,41,18520.33633881572,848.3853977918625
2.1,4,0.0005375858818901236,38,18563.94047929576,849.5322019457817
2.1,4,7.445507876369106e-05,45,18541.703105918008,856.5857849121094
2.1,4,4.444641474066202e-05,37,18543.24614538945,853.2168865203857
2.1,4,0.00018075072829271122,40,18583.038830455465,848.5760281085968
2.1,4,7.306342284296719e-05,34,18572.31316499949,857.9591808319092
2.1,4,7.19573500242987e-05,38,18602.439313507497,852.8305673599243
2.1,4,7.523192404024215e-05,37,18532.733402137626,848.4089395999908
2.1,4,6.135262713513612e-05,43,18563.829542046675,852.2212657928467
2.1,4,0.0005297191409550095,42,18536.946949772107,850.055239200592
2.1,4,0.00015476796306179708,39,18550.320368152974,850.7107679843903
2.1,4,0.0002512332804847084,34,18583.996824590293,854.8953685760498
2.1,4,4.7703690357003836e-05,38,18583.518460689655,854.5038061141968
2.1,4,2.202021542130339e-05,36,18517.166087518348,850.6893038153648
2.1,4,7.068582920322086e-05,40,18570.944682086443,846.753039598465
2.1,4,0.00010884901324637042,47,18550.960168522677,845.5927609205246
2.1,4,6.270638140426499e-05,33,18519.65762652578,851.0249960422516
2.1,4,9.953734828060945e-05,46,18549.664189511477,847.5596746206284
2.1,4,7.873174778794123e-06,36,18527.17232526198,842.2178621292114
2.1,4,0.0005313957624415444,37,18587.53502601338,848.5723528862
2.1,4,4.372135166796909e-05,37,18561.901823409204,855.5731511116028
2.1,4,6.929070012384742e-05,42,18609.587365881944,855.9665198326111
2.1,4,1.610295148157803e-05,44,18532.710738767604,854.1081385612488
2.1,4,0.0003468411219342826,47,18503.880490361596,846.8944761753082
2.1,4,0.00037523038471798387,42,18543.52170801032,851.3003575801849
2.1,4,1.6888523421965118e-05,38,18530.25096864311,855.3713264465332
2.1,4,2.8662397567824627e-05,48,18611.37233185168,855.3847641944885
2.1,4,5.568217876383841e-05,37,18553.18316708615,848.139323413372
2.1,4,0.00024080953431093732,37,18553.27768177933,854.3377990722656
2.1,4,4.8724278157497025e-05,41,18572.943444861852,843.0138939619064
2.1,4,8.160971853410359e-05,49,18578.078699977177,851.2488059997559
2.1,4,0.0005072307252378394,44,18627.73064725348,848.0541198253632
2.1,4,3.7559556011590445e-05,39,18581.511742736813,844.1646189689636
2.1,4,0.00031718739404729135,42,18635.42444152029,853.624330997467
2.1,4,0.00023483993190520636,41,18594.92186354015,853.3910657465458
2.1,4,5.851565462089425e-05,49,18516.233284525577,851.3612389564514
2.1,5,0.0012896322491515733,38,19001.26591462032,975.161901473999
2.1,5,0.0030053573198576267,38,19002.168402994925,965.4289989471436
2.1,5,0.0012575407799273464,38,18983.26733890119,972.7196445465088
2.1,5,0.0033950624931513573,47,19013.53415009787,967.222357749939
2.1,5,0.0037208010375699985,43,18989.29773824295,968.723123550415
2.1,5,0.0037224512164746315,38,18998.926611228377,966.0344314575195
2.1,5,0.007604763495402178,47,18973.39177676283,967.4914951324463
2.1,5,0.005885587341910359,42,18988.995501926573,960.7337942123413
2.1,5,0.004413549436109054,37,18979.612062147095,974.9740209579468
2.1,5,0.005962009558245995,43,18985.614041886256,967.6567907333374
2.1,5,0.005193675870979408,39,18986.026637201405,972.7034597396851
2.1,5,0.0012972425453674497,41,18987.751779216327,972.9981155395508
2.1,5,0.004961026205967389,50,18986.438739484292,966.7745208740234
2.1,5,0.0030787124950304445,47,18960.946075417214,970.0192384719849
2.1,5,0.004671314183833708,48,18979.108174543253,968.050332069397
2.1,5,0.0031642983714812445,47,18962.95877203688,974.0623369216919
2.1,5,0.006188610037648257,41,18994.928578066774,967.8084602355957
2.1,5,0.007117549716912475,38,19016.626168174535,962.9801921844482
2.1,5,0.007319430079883116,39,18990.33667241719,969.5310573577881
2.1,5,0.007072788030284993,50,18994.078159645705,974.090558052063
2.1,5,0.0053614312025280775,41,18989.557389122434,979.2328424453735
2.1,5,0.0028160872817646343,48,18982.29738444725,963.6189012527466
2.1,5,0.006957303455140895,37,18983.05842418837,969.4905862808228
2.1,5,0.0038027005860374885,41,18994.643521721802,967.4190893173218
2.1,5,0.006689586119415836,50,18960.92948203685,967.8110313415527
2.1,5,0.002014096776449481,50,18995.532355967716,970.7775754928589
2.1,5,0.003557058704589444,49,18993.452605234663,967.3075675964355
2.1,5,0.006143798553398749,37,19016.686778194624,965.7687139511108
2.1,5,0.007181901249967648,48,19007.92017057668,970.6208229064941
2.1,5,0.005752934299694701,47,19006.797210011406,972.3785328865051
2.1,5,0.0056736979973677215,36,19007.057250175512,971.3137397766113
2.1,5,0.0020730072202681527,46,19027.67404993228,967.3070306777954
2.1,5,0.0050130518957582915,39,19030.662789666196,965.4621429443359
2.1,5,0.005028380174075586,48,18977.642133032976,970.997917175293
2.1,5,0.003362162095670751,50,18963.49617425955,970.1607217788696
2.1,5,0.00769696604014225,47,18994.743325395524,965.6659889221191
2.1,5,0.007266372966529211,50,18974.421030756945,971.0330572128296
2.1,5,0.0073814199928894375,41,18982.786809694844,975.2745761871338
2.1,5,0.006868985427542107,47,18976.563015999003,968.997088432312
2.1,5,0.005796862203960362,44,19001.611415102216,970.8516654968262
2.1,5,0.002898145613859704,43,19018.272519526086,957.114824295044
2.1,5,0.005215111722166377,50,18961.063072488338,976.9297523498535
2.1,5,0.004211972635324024,50,18950.136574895256,974.906135559082
2.1,5,0.006516023903202495,38,18965.079029838344,974.39146900177
2.1,5,0.005711111445962036,36,18973.73807000288,971.8076276779175
2.1,5,0.006760366337863921,50,19030.01052645869,971.4725551605225
2.1,5,0.0067897879185205845,37,18984.101127514557,974.3529472351074
2.1,5,0.003876501194451265,38,18975.669445884232,975.2895030975342
2.1,5,0.004319897224121405,39,18979.37701122181,973.8476095199585
2.1,5,0.005228179948046474,45,18982.169968582875,965.7694387435913
2.1,5,0.005135014204687316,49,18991.55161441381,973.4623317718506
2.1,5,0.007458330335113228,40,18993.704834993885,970.8560495376587
2.1,5,0.009016925692450606,35,18992.370081502017,952.5230903625488
2.1,5,0.005991723859277709,41,19002.491308541914,971.6044244766235
2.1,5,0.008886649333700092,50,19007.2810884561,958.0609464645386
2.1,5,0.008836121641410344,42,18962.821323181914,970.790620803833
2.1,5,0.0022721783158310416,48,18972.382529059112,974.4374265670776
2.1,5,0.007202810082834077,39,18988.341269294207,976.3240261077881
2.1,5,0.0011760890624539222,37,18994.414881152425,973.3781147003174
2.1,5,0.0063768953611731405,50,18976.211406636758,970.0829439163208
2.1,5,0.002205417255290776,38,18992.47935661645,965.893723487854
2.1,5,0.005283778314195686,39,18992.4551474794,964.5108919143677
2.1,5,0.002471503199762193,50,19013.137645267663,974.2905101776123
2.1,5,0.006969698389875045,36,18955.385319661986,972.0582685470581
2.1,5,0.0028891215010711235,37,19019.761033820523,967.6391458511353
2.1,5,0.007171496552559553,42,18982.980963983937,972.9406890869141
2.1,5,0.006308613743711611,49,18982.552853912108,962.8763952255249
2.1,5,0.007901795294364966,50,18970.134699914335,969.6999320983887
2.1,5,0.0049177444473698095,36,18977.646466145834,970.6654348373413
2.1,5,0.006945515636243016,45,19012.32056567995,963.1531286239624
2.1,5,0.009325023725758275,41,18962.605804672025,968.6800518035889
2.1,5,0.006861425197977944,50,18958.29481082204,970.9906387329102
2.1,5,0.004786151963092955,50,19002.919436461423,972.4454355239868
2.1,5,0.001261703188903951,45,19003.36636943027,967.8325567245483
2.1,5,0.006586247739011064,42,18983.518228670942,970.9318723678589
2.1,5,0.003760605255564986,44,19029.851473470822,973.8344883918762
2.1,5,0.003833167393014314,41,18995.496965423128,972.818811416626
2.1,5,0.005965426639512383,50,19002.47021650606,967.6317567825317
2.1,5,0.005185009650929384,39,18985.09542379635,971.2098865509033
2.1,5,0.005320394285312613,36,18996.424185557775,962.8899078369141
2.1,5,0.007978383129290556,44,18967.668508587853,966.5849103927612
2.1,5,0.008376144320009438,50,18978.2492515061,966.0763282775879
2.1,5,0.005825269013186141,34,18972.284143989815,969.1849050521851
2.1,5,0.0051345747505577854,47,19003.059545747106,963.4417066574097
2.1,5,0.0037406398449193468,36,18998.36874145916,974.965142250061
2.1,5,0.0052447749582453795,46,18972.134323022892,974.3875846862793
2.1,5,0.004166160765552096,37,18994.719067630143,974.872428894043
2.1,5,0.0071085947244746706,34,18999.54247240504,976.3219337463379
2.1,5,0.00712491774394719,41,18996.616544730878,965.4950618743896
2.1,5,0.00613375064377486,50,18964.785168095346,976.7779026031494
2.1,5,0.007179880149858153,50,18978.256605503433,969.8678197860718
2.1,5,0.0032307666440325455,48,18988.92374940178,973.2705497741699
2.1,5,0.004103554308541035,47,18979.378915304565,971.8235216140747
2.1,5,0.003557796722215567,35,19037.094021949273,965.7363605499268
2.1,5,0.0044577782559911405,42,18985.809473082787,963.7756290435791
2.1,5,0.0027330959914220188,42,18985.46406653945,974.1957693099976
2.1,5,0.007387948627011198,35,19008.177896840567,971.3026828765869
2.1,5,0.005194036303277194,46,18980.919263288964,966.8359956741333
2.1,5,0.0049414627773836095,39,19001.24207996179,969.0220031738281
2.1,5,0.005274178717340927,49,19002.67927579954,969.468789100647
2.1,5,0.005276363494447711,48,19037.99474806029,963.1129207611084
2.1,5,0.008372544513610247,40,18958.211713909168,975.0446853637695
2.1,5,0.0036300889935794167,49,18956.65360019334,970.700927734375
2.1,5,0.006410318131332193,45,18975.240494191028,975.1609525680542
2.1,5,0.005045082954663993,49,19000.958876795692,973.5938110351562
2.1,5,0.0019916606147418747,43,19032.324669889866,969.4628353118896
2.1,5,0.0035364092384706503,46,19041.652393350712,962.5386247634888
2.1,5,0.00518229174224949,37,18987.19782574616,971.2241373062134
2.1,5,0.006480805272730539,37,19021.289654824992,973.4759607315063
2.1,5,0.006874318808670399,43,18986.90144043016,962.7597160339355
2.1,5,0.0036853240966063794,43,18998.64959548812,969.3924980163574
2.1,5,0.006410491526464224,50,18988.038645951096,966.3294582366943
2.1,5,0.004502576536635328,37,18983.227074135946,975.5833520889282
2.1,5,0.0018896209275229836,42,19026.226133316213,969.3418655395508
2.1,5,0.002973552612049346,35,19012.974977397007,964.1208982467651
2.1,5,0.005391068065789373,45,18973.78829221421,977.2984533309937
2.1,5,0.004330499142765287,38,19028.72669858927,964.0733728408813
2.1,5,0.0033352232059620235,48,18973.946258800388,971.8004770278931
2.1,5,0.007214457216928594,37,18959.080013805673,972.0997018814087
2.1,5,0.006084722764990058,47,19032.26783439858,967.366527557373
2.1,5,0.0036818423473805595,38,19015.01670230277,974.0768566131592
2.1,5,0.0003680059852082529,42,19021.242503008474,963.1062116622925
2.1,5,0.0034025838596818403,48,18987.25905829065,962.1040678024292
2.1,5,0.005146318612683665,38,18983.68035656207,977.0717811584473
2.1,5,0.011611819308385396,46,18954.89745333525,970.8721761703491
2.1,5,0.0039135529525591295,43,18980.165113880263,973.0819263458252
2.1,5,0.0042718922498630185,50,18997.504337980547,972.2390756607056
2.1,5,0.008057560632862337,35,18985.368621152702,971.1197671890259
2.1,5,0.00786044158307675,43,19000.55456834992,972.4622077941895
2.1,5,0.0044138382815064325,50,18999.845517536767,965.2394037246704
2.1,5,0.00018411598191647727,36,19001.808607253766,973.1915550231934
2.1,5,0.0049424811011506975,50,19013.89103178354,972.6725740432739
2.1,5,0.007518154245917508,39,18983.91941730336,969.464114189148
2.1,5,0.005467179819446777,41,19015.18550041844,972.2614235877991
2.1,5,0.00777268773000106,40,18992.505209245803,963.5824584960938
2.1,5,0.006323294488517206,39,18973.206861980154,966.6720147132874
2.1,5,0.002971563773961794,46,18993.97825081374,969.3247337341309
2.1,5,0.005848666097944211,42,19008.10417053392,968.743842124939
2.1,5,0.00458223734840546,39,18948.53603965639,969.4598960876465
2.1,5,0.0016405969002875054,50,18988.734079377813,980.6077928543091
2.1,5,0.007177245652907782,50,18977.60190125266,969.6487350463867
2.1,5,0.0029143881015492035,50,19018.935346475326,976.4601135253906
2.1,5,0.0034137488473202637,44,19001.525227877893,976.2094573974609
2.1,5,0.0037906055575924746,41,18996.497564134876,974.6921110153198
2.1,5,0.0009199423191064149,50,18972.349889739075,974.6606597900391
2.1,5,0.004298184987984399,49,18996.97502384845,973.8114500045776
2.1,5,0.004010862222540101,41,18964.54785609742,978.4557313919067
2.1,5,0.007733975641837532,35,18975.31831944882,968.6438903808594
2.1,5,0.0076487059629553045,39,18973.804149592732,966.8959674835205
2.1,5,0.0027025923442702826,50,19034.17089774235,973.5003137588501
2.1,5,0.006977995081843158,37,18981.682430751312,974.2349805831909
2.1,5,0.008335152908882648,40,18976.748508066823,974.7508506774902
2.1,5,0.008123903519749565,35,19040.564222961824,958.7762765884399
2.1,5,0.009175365081237619,39,18993.034948407807,973.917239189148
2.1,5,0.005662869734009757,50,18984.85895855806,969.2705965042114
2.1,5,0.0037133705238741044,45,18988.71853421434,972.5744609832764
2.1,5,0.005579111551116789,50,18974.491295857642,969.1331758499146
2.1,5,0.004471356524225811,38,18973.473701936375,971.3151178359985
2.1,5,0.00681339879621623,42,18975.392930380633,974.3499603271484
2.1,5,0.005366976272102697,50,18987.369040661357,973.7137899398804
2.1,5,0.005809588160524903,36,18962.971508567873,973.8282918930054
2.1,5,0.0007870633015820694,43,18976.88113030078,975.9234676361084
2.1,5,0.0024383789659747634,50,19015.445112511647,976.6794109344482
2.1,5,0.009314171250415004,49,18959.693487112978,972.7243700027466
2.1,5,0.005855989585196397,39,19002.75787743381,964.057466506958
2.1,5,0.010059904449329249,50,18980.4184843672,971.886064529419
2.1,5,0.006677019493763758,38,18985.196385336963,972.8978967666626
2.1,5,0.00766657878773902,50,18977.129189789466,975.0239486694336
2.1,5,0.003894758435672774,50,19002.556000012657,975.3141746520996
2.1,5,0.004744563357476306,48,18967.603561668286,964.7077789306641
2.1,5,0.004246245860519693,42,19010.93642119719,973.5504388809204
2.1,5,0.005324141322743614,45,19040.626210495782,963.6888990402222
2.1,5,0.005734506018138852,50,19024.021591997855,972.18212890625
2.1,5,0.008663552927372642,50,18970.107360745078,973.4352006912231
2.1,5,0.004253269250769964,47,18977.562808473187,976.2949285507202
2.1,5,0.0003645643669671905,49,19007.078006532076,968.4953918457031
2.1,5,0.0070455324178579914,35,19032.971450031324,970.985405921936
2.1,5,0.002244285337929419,38,19052.5628707433,969.2972269058228
2.1,5,0.005001221034276249,42,18964.355031723662,975.0200042724609
2.1,5,0.009796157508054737,39,18961.08335990639,965.6519947052002
2.1,5,0.007332680237310374,35,18981.94462780229,968.0687599182129
2.1,5,0.005559479849804649,49,18989.37463529295,974.1984033584595
2.1,5,0.0020692133121427148,38,18992.06827878966,969.0623970031738
2.1,5,0.006667132556116062,42,19007.46445964048,967.2531614303589
2.1,5,0.008779877113908263,45,18960.818058484158,970.9853458404541
2.1,5,0.006265132529981177,38,18984.97390708861,970.418134689331
2.1,5,0.004590791502555369,46,18951.363517502654,970.5004758834839
2.1,5,0.007702599142779931,36,18977.921914021586,976.63805103302
2.1,5,0.005466828280772162,45,18985.18069038825,971.6429891586304
2.1,5,0.006103276098760713,35,19004.311456015086,969.5704145431519
2.1,5,0.004187856100772436,41,18986.754175542177,974.7126388549805
2.1,5,0.008429169539331927,48,18973.509705707955,971.0467910766602
2.1,5,0.005426979381652153,43,18999.054174343615,960.1665925979614
2.1,5,0.0036764718325064116,42,19006.63246553427,960.1301803588867
2.1,5,0.00038026690909109817,49,19030.01225916073,966.2080307006836
2.1,5,0.005562165797694529,50,19002.207966057882,970.9585304260254
2.1,5,0.002539120181857424,44,19019.99914345145,972.1651678085327
2.1,5,0.005214271721869057,46,18994.725522734734,967.3748960494995
2.1,5,0.0030662794775584423,43,19030.562880122623,963.1729602813721
2.1,5,0.009630607585135564,50,18947.858369985304,974.6323881149292
