2.1,1,0.0022253038610191567,35,69393.31541085272,494.9170968532562,-0.05214536287638216
2.1,1,0.003288495974111072,41,69422.13757312372,495.5229480266571,-0.05334644667966337
2.1,1,0.0011060436661032291,35,69289.32291941652,494.69929933547974,-0.050642487016854254
2.1,1,0.0023800770917645764,41,69411.81108347667,494.92192697525024,-0.04835886494489783
2.1,1,0.00010824833342093498,41,69362.9799128155,495.4088077545166,-0.05309405096361264
2.1,1,0.004413371603159799,35,69482.41497645949,494.2346910238266,-0.050039919760888285
2.1,1,0.0002433068206584288,41,69477.95035214924,495.02857744693756,-0.05105806913114286
2.1,1,0.0023661240592600663,41,69467.11088772256,495.35858392715454,-0.05158669403619953
2.1,1,0.004213986300733996,35,69370.3901310441,496.018741607666,-0.04911254429989986
2.1,1,0.0027627035011894563,35,69423.15920144954,494.9870891571045,-0.051146414851789945
2.1,1,8.343849557634897e-05,41,69383.31243353075,495.3623673915863,-0.04802413493685842
2.1,1,0.005869619479744959,41,69351.10059111437,495.24993443489075,-0.05016084401122045
2.1,1,0.001000191411020257,35,69400.91188952746,494.79835748672485,-0.049551383408172445
2.1,1,0.0019230488109540644,41,69476.69168307302,495.67368364334106,-0.05093099917750088
2.1,1,0.0023165707633960864,35,69364.19778171586,495.5003904104233,-0.049419293092959116
2.1,1,0.007271017285834347,41,69378.54349837975,495.4845986366272,-0.049490587499126715
2.1,1,0.003817520088869042,35,69437.14640919211,495.04509258270264,-0.05116128540562137
2.1,1,0.0011238595896863046,35,69459.38013769852,495.22253608703613,-0.05031206735426341
2.1,1,0.0004629086947733896,41,69379.2094202654,495.80728578567505,-0.050216643037360065
2.1,1,0.0011479351049739073,40,69491.25122835442,495.6759626865387,-0.049118831030112275
2.1,1,0.0016531309093523738,35,69365.88413564929,495.57127380371094,-0.05062502781463918
2.1,1,0.007183915887241099,42,69445.59243335073,495.24850594997406,-0.05099971014610771
2.1,1,0.00011764671992642306,35,69366.72395492061,495.53124356269836,-0.04901017416279485
2.1,1,0.007674908052821117,35,69529.3411817422,495.2199833393097,-0.05204547836545048
2.1,1,0.000920653410709793,35,69447.28739184419,495.3966932296753,-0.05099436139759295
2.1,1,0.0015553243741628364,35,69502.87312224135,495.03643465042114,-0.050674620579229224
2.1,1,0.0035225019077764763,35,69375.5728975766,494.8445403575897,-0.051589916039575634
2.1,1,0.001613015244797733,41,69417.67747830383,495.1590610742569,-0.049666918499831514
2.1,1,0.001852387695954416,41,69484.79850690899,495.91282320022583,-0.04921354257945021
2.1,1,0.0045979460830816166,35,69535.34857565573,494.83611357212067,-0.04812623969944596
2.1,1,0.00014832051728319584,35,69394.04086364762,494.79745078086853,-0.050792203100785915
2.1,1,0.0054898388161519485,35,69452.1233521801,495.6965341567993,-0.04693868907250609
2.1,1,0.003806710822844561,35,69474.33460548788,494.4225594997406,-0.050346129686107854
2.1,1,0.0002638530978971154,41,69360.04611199744,495.603160738945,-0.05124191253564003
2.1,1,0.0015873897672498138,41,69373.02813575004,494.98837661743164,-0.04917594707381312
2.1,1,5.551646372614627e-05,35,69424.33307024805,495.03634655475616,-0.04771339631921734
2.1,1,0.004058645968860297,35,69493.4120684036,495.2720220088959,-0.051756055448405114
2.1,1,0.0024939861699975197,35,69405.94600605819,495.56735122203827,-0.0487949490934767
2.1,1,0.004284356955351232,42,69512.53917833611,495.6388510465622,-0.048932140355901765
2.1,1,0.001866968267729252,35,69386.54335099443,495.20986926555634,-0.0506365489601337
2.1,1,0.0011471504925939513,35,69320.98493509865,495.45520663261414,-0.0504994941454453
2.1,1,0.0037109819288732027,35,69390.87233001874,496.0404953956604,-0.05205560126111841
2.1,1,0.001260057971849804,35,69365.47843210166,494.7844111919403,-0.049181368053873076
2.1,1,0.0039973343116765925,35,69396.68776507639,495.4955312013626,-0.05046893875341407
2.1,1,0.002504385511853613,35,69445.42127131978,495.28843009471893,-0.0499617001371111
2.1,1,3.7216031839371055e-05,35,69382.57250314152,494.8687072992325,-0.052764968604731344
2.1,1,0.0015723464478445415,35,69366.54005484647,495.64718222618103,-0.04897633098963272
2.1,1,0.0007346308141134017,35,69334.57346410892,494.474472284317,-0.04777334727932825
2.1,1,0.002903887426971785,35,69458.30589410018,494.8384219408035,-0.04958497590057531
2.1,1,0.005431057563488384,41,69409.52680323765,494.8538364171982,-0.050618604296091885
2.1,1,0.0008639095910765171,41,69454.28418996958,495.177907705307,-0.049897995759992764
2.1,1,0.0034679710045435463,35,69492.83785810466,495.3633785247803,-0.05015170037290506
2.1,1,6.520154530686995e-05,35,69383.78165354281,495.025879740715,-0.04916698532998298
2.1,1,0.002436551957122557,41,69403.28933751932,495.00301146507263,-0.05191374329750964
2.1,1,0.0034401197687072838,35,69467.78732054037,495.44948863983154,-0.055649687790449764
2.1,1,0.0037823818921012275,40,69353.5020332456,495.00501549243927,-0.05117936939254042
2.1,1,0.004151218996515826,35,69394.58212190775,494.8345538377762,-0.05042725502561618
2.1,1,0.0026858147579535974,41,69380.81643541559,495.4722797870636,-0.04859937073445453
2.1,1,0.0023044481967038344,35,69422.88308868202,495.39881324768066,-0.05077401960519712
2.1,1,0.0011659983871208368,35,69360.97726915809,495.5488443374634,-0.05255457353624493
2.1,1,0.006438795589067237,35,69418.29039946699,494.4536291360855,-0.05306221050947846
2.1,1,0.0026020075352746197,35,69366.10066226477,495.20559549331665,-0.04944176597329886
2.1,1,0.0018023327389387056,35,69408.42942175176,495.5586016178131,-0.05186908409309421
2.1,1,0.00459736158178492,35,69513.90876264805,494.4414496421814,-0.04956533194941448
2.1,1,0.0005724152659443149,35,69402.16688516982,495.5162434577942,-0.04916295140060134
2.1,1,0.0008045514481174187,35,69464.90660157365,495.1473968029022,-0.05076536647513219
2.1,1,0.0007434881734069698,41,69438.64645607054,495.52696776390076,-0.04835926169381288
2.1,1,0.0018325235982543653,35,69344.96707273804,495.6598221063614,-0.051985335558514034
2.1,1,0.0007731505034405117,41,69476.65698962315,495.0271728038788,-0.05011050998889299
2.1,1,0.005324290695657652,35,69411.2109229106,495.1112917661667,-0.05032746163553936
2.1,1,0.002865945769576328,41,69421.08095497423,496.09227645397186,-0.0521761735831201
2.1,1,0.00040629337595587955,35,69365.23756754772,495.9635372161865,-0.05228294758960361
2.1,1,0.0009438697822607978,35,69425.58751289046,494.92381834983826,-0.052989554795406235
2.1,1,0.0001189737307751848,41,69444.55720081372,495.74446177482605,-0.05368774702052015
2.1,1,0.0017144056615556735,35,69401.90426944204,494.9613426923752,-0.05147198846083034
2.1,1,0.002043100913192042,41,69345.98009605902,495.5150966644287,-0.0494155710213704
2.1,1,0.00665626642323236,42,69452.31745838854,495.6454828977585,-0.04882771408338371
2.1,1,0.0044490411818802755,35,69386.57361660557,495.2509455680847,-0.048622989898202906
2.1,1,0.0003071257894986523,35,69476.21131508978,494.1903657913208,-0.051629236044742566
2.1,1,0.001595204146295881,35,69344.87519691388,494.7550370693207,-0.051240212494298554
2.1,1,0.0027278392302392263,41,69409.902767961,494.71256959438324,-0.0534807009685383
2.1,1,0.004633109713947814,35,69340.14377545413,495.33655059337616,-0.05237821343491822
2.1,1,0.0015329316711651941,35,69433.51907975727,495.79416060447693,-0.0501357784217098
2.1,1,0.0008657381999030989,41,69381.25240396563,495.0948164463043,-0.050192820601606236
2.1,1,0.004716442651004016,35,69446.63233180404,495.38364481925964,-0.05285941386713944
2.1,1,0.003114627835966388,41,69450.70058081968,495.37982857227325,-0.053597556462431584
2.1,1,0.0021098201257179205,35,69539.45251636094,495.5536599159241,-0.0502097707499245
2.1,1,0.0004909723017578749,35,69377.39150330679,495.7242591381073,-0.05268271152005344
2.1,1,0.0062159923796243355,35,69431.61013716378,494.64262104034424,-0.05020307283422065
2.1,1,0.0027171905850895683,35,69465.54188065804,494.8343994617462,-0.05038186026947722
2.1,1,0.0004018103109459936,35,69334.08178489479,494.51261806488037,-0.050455462381981064
2.1,1,0.0024170597152362028,40,69398.17585256368,495.26419937610626,-0.05158570811158825
2.1,1,0.0009536984105751323,35,69454.8801103717,495.2741310596466,-0.048460885448557534
2.1,1,0.004367049002626189,35,69495.626506506,495.2422231435776,-0.051146559466069164
2.1,1,0.004416230933781851,40,69398.64648301515,495.17515659332275,-0.04985880511567187
2.1,1,0.0007993733123599078,35,69366.32238909724,495.5554395914078,-0.048924557843617045
2.1,1,0.004757899701196777,35,69401.11896850688,494.82994306087494,-0.04912262101014653
2.1,1,0.0012076876364206512,35,69367.88554903437,494.73425447940826,-0.04874937577165683
2.1,1,0.00010756379674070615,41,69386.33158980943,495.8393669128418,-0.051831030843886516
2.1,1,0.0028454373456674453,41,69336.01568896418,496.174587726593,-0.046542661251934625
2.1,1,0.0010638517098602307,35,69377.13780272228,496.30074191093445,-0.04614476217421881
2.1,1,0.002617885557071542,35,69432.31843386308,495.19340467453003,-0.04916515966321677
2.1,1,0.006715024695166161,42,69452.1123746628,495.12205374240875,-0.047996619570554344
2.1,1,0.002628953845899673,41,69390.26316941754,494.37883830070496,-0.04865776057526672
2.1,1,0.00041994390706889817,35,69416.32326865155,495.8377288579941,-0.049817092905342975
2.1,1,0.005931162033434578,35,69419.45673493465,494.73015236854553,-0.047216193496247616
2.1,1,0.0027821382672876815,35,69382.58647259278,495.19127917289734,-0.051581227053873135
2.1,1,0.001149032145190354,40,69376.95352344989,494.86127853393555,-0.04804892954283435
2.1,1,0.005510158421239808,35,69441.37481339918,494.71039068698883,-0.04856903896252085
2.1,1,0.0035690248562452176,35,69399.40008446308,495.1745159626007,-0.04811029567585434
2.1,1,0.0021939227347758106,35,69392.96963959228,495.1691074371338,-0.05028331933896091
2.1,1,0.005183175470522272,35,69564.5423421691,495.4649803638458,-0.050354487952782634
2.1,1,0.0015145051199128012,41,69490.73227738755,495.39543402194977,-0.050414023165699096
2.1,1,0.007250863986824285,41,69532.86551452614,495.66581201553345,-0.049957293110359124
2.1,1,0.0066066335339511895,42,69472.83598684,495.2163202762604,-0.049435149562145675
2.1,1,0.000229347215066511,41,69451.47624413707,494.67227602005005,-0.05108330750688417
2.1,1,0.008576205489753352,41,69421.20510441846,495.5160459280014,-0.051209995633124894
2.1,1,0.0021571158501303422,35,69447.49748629755,495.29783511161804,-0.054373242828531065
2.1,1,8.769443592759885e-05,35,69331.22040741831,495.6518394947052,-0.052866344260838805
2.1,1,0.00018064643533088898,40,69411.20617799262,495.43249917030334,-0.049897801781400464
2.1,1,0.001048025704630362,35,69389.00729814213,495.7883687019348,-0.05087913546916978
2.1,1,0.00036344887878536625,41,69384.02423994664,494.9170072078705,-0.049308325702972944
2.1,1,0.004267758310676495,35,69353.7341915661,494.86472523212433,-0.052736447632421246
2.1,1,0.00297027778654968,41,69430.19400190722,495.08774495124817,-0.05117439891443398
2.1,1,0.0009346811021471169,41,69423.63630552603,496.0127817392349,-0.04866413560643057
2.1,1,0.0008662968379713476,35,69384.99565714036,494.7255036830902,-0.053659260625519956
2.1,1,0.001788859077082705,35,69393.4234503277,495.2390534877777,-0.04943735588959619
2.1,1,0.0017059275813626762,35,69425.45624872296,495.5583825111389,-0.05028576392901796
2.1,1,0.0012745743296869172,41,69380.44142116996,494.8752119541168,-0.04999830077035927
2.1,1,0.006259579044401775,41,69488.99573279465,494.78319215774536,-0.05247165313216717
2.1,1,0.0023832693153020834,35,69387.63640874144,496.1081063747406,-0.05028793781567842
2.1,1,0.0038197506390935665,35,69373.58907219574,494.74290692806244,-0.04686345278400905
2.1,1,0.0008542747800741601,35,69376.7206228672,495.4206186532974,-0.05041133468780634
2.1,1,0.003240612918308905,35,69416.84851067433,495.5410153865814,-0.051958020265735705
2.1,1,0.00044710039889972464,35,69463.05450104727,494.1681181192398,-0.0505031830811129
2.1,1,0.0011744100738106944,35,69447.66842963287,496.00901758670807,-0.05153484976368761
2.1,1,0.002199012759010799,35,69472.39039336704,495.01242089271545,-0.05177146737927307
2.1,1,0.001959229642618965,35,69404.28821373646,495.90347170829773,-0.05218572151335099
2.1,1,0.0011005259666623246,35,69408.21979432406,495.0154016017914,-0.051067838003110655
2.1,1,0.0002972971637813515,41,69428.99280602833,494.88268303871155,-0.052497838685828135
2.1,1,0.0011882338407689375,35,69367.69427420855,495.3808170557022,-0.04639462818619933
2.1,1,0.0014631336084987012,35,69412.41116935383,495.99188780784607,-0.05262257037509288
2.1,1,0.003767910045621825,35,69376.30011935673,495.83683800697327,-0.04906149917303937
2.1,1,0.002635868678689146,35,69389.80897809676,494.88176703453064,-0.05029944991425994
2.1,1,0.0005706441083894731,35,69415.2546383314,495.31556737422943,-0.052511029801288966
2.1,1,0.0031871696694509843,35,69408.20388941323,495.0874220132828,-0.05074226349598643
2.1,1,0.003617097449960749,35,69468.98408175987,494.9937468767166,-0.048858780844011296
2.1,1,0.0013120729235209794,35,69399.39585975345,495.6420325040817,-0.04621300437678766
2.1,1,0.00046485168270615773,35,69419.503148007,494.9313507080078,-0.05004341485829755
2.1,1,0.002876142372343349,40,69374.63290209843,495.28426480293274,-0.05163351345421052
2.1,1,0.00156624592068777,41,69558.80278472826,494.9954104423523,-0.049214843603666125
2.1,1,0.0038829348543161224,35,69399.06789712253,494.55087327957153,-0.05079533341468956
2.1,1,0.002663173789848372,35,69354.82065168259,495.44655907154083,-0.0499227104158555
2.1,1,0.004906163503099581,41,69392.98692510687,495.4636824131012,-0.052137096269077254
2.1,1,0.006169900201241418,42,69445.87609677318,494.7357693910599,-0.052604846135274386
2.1,1,0.0051386684453751386,41,69489.68168170734,494.57309103012085,-0.04858470547074134
2.1,1,0.0021979343921847416,35,69449.83558880282,495.4713100194931,-0.047743798984890784
2.1,1,0.001721161811681693,35,69345.20136072926,495.20908093452454,-0.05257211386829086
2.1,1,0.004074540470473398,41,69459.02359281144,494.7056357860565,-0.050518516623358156
2.1,1,0.0018670585144913154,35,69375.55925582393,496.0449262857437,-0.053585492459929274
2.1,1,0.0037280679130660133,35,69334.86880346452,495.00702595710754,-0.04863647939468674
2.1,1,0.0024439946349228414,35,69343.92017085971,494.72757029533386,-0.054166138692005816
2.1,1,0.0032675094617484746,41,69400.99328826819,495.15140092372894,-0.04925954992578996
2.1,1,0.004177004765757442,41,69428.45570590935,495.7633377313614,-0.04821272554032063
2.1,1,0.0007587880841670724,41,69453.67810846196,494.85631275177,-0.05258698734865508
2.1,1,0.003986261148681169,41,69455.92357270425,494.863583445549,-0.053707737641640385
2.1,1,0.0018396076022466623,41,69322.89621166141,495.47870540618896,-0.04849037473317841
2.1,1,0.004935642989117639,35,69387.38254623441,495.4138307571411,-0.05105187714571535
2.1,1,0.000860094550440671,35,69414.44991114749,494.5207380056381,-0.05108925210654158
2.1,1,0.0012793660238186177,41,69450.89241650995,495.72319865226746,-0.04943233286287718
2.1,1,0.0004941835677412243,41,69450.026334682,495.8726758956909,-0.05443006541951023
2.1,1,0.001763266147352116,35,69387.19739701017,494.8638093471527,-0.04893873606595811
2.1,1,0.006226539633328532,41,69430.14638757035,495.6287398338318,-0.050035590228968196
2.1,1,0.00013800261191665442,35,69328.84112388633,495.5109006166458,-0.049999246701382116
2.1,1,0.007703376870364931,35,69457.34245454629,494.55490243434906,-0.053858588620401715
2.1,1,0.005735034001717487,35,69453.547308909,495.7310936450958,-0.05372171273664339
2.1,1,0.0008490791236925865,35,69386.50076910113,496.03443932533264,-0.048835417984086416
2.1,1,0.0009457024596359886,35,69393.99948584467,495.0106432437897,-0.049818276972073416
2.1,1,0.004246907928752819,35,69332.71012325054,494.71098482608795,-0.05082075143748721
2.1,1,0.0025219233079809555,41,69423.6940193865,495.1823010444641,-0.05007726034599003
2.1,1,0.0005708032032960553,35,69361.83552356537,495.4693273305893,-0.049716818790328965
2.1,1,0.00511990100074966,35,69361.22494356078,495.3235402107239,-0.05003584268873018
2.1,1,0.00012503386001849748,35,69352.56119898979,495.8098257780075,-0.05166483627896623
2.1,1,0.004599158253756119,42,69365.18391860466,494.7581510543823,-0.048581587832376094
2.1,1,0.0004873792777435604,35,69386.10722173724,495.01167809963226,-0.05024452333257212
2.1,1,0.0007123342762827001,35,69474.64316186051,495.7839877605438,-0.050824643627590316
2.1,1,0.0001405095777919918,35,69354.29885023391,495.0920042991638,-0.05125598649495888
2.1,1,0.0001708149739338971,41,69466.59079914351,495.0137348175049,-0.05070642045500451
2.1,1,0.0010149451172929425,35,69437.37708586694,495.71463334560394,-0.050672550366212654
2.1,1,0.0007923472028417144,41,69368.82300337448,495.58903336524963,-0.04828459913496408
2.1,1,0.006463136936553759,35,69501.07502439208,496.25975704193115,-0.04806067540507719
2.1,1,0.0002954870298892409,35,69437.0734915307,495.4508966207504,-0.05016703085127272
2.1,1,0.006471866210475685,35,69445.67343811858,495.3320413827896,-0.05075492815266891
2.1,1,0.0010458538955009367,35,69415.22725094132,494.6225289106369,-0.05098409780159274
2.1,1,5.4745308563752815e-05,35,69372.04242360136,495.2676215171814,-0.048419797530117936
2.1,1,0.0032046354752841566,41,69415.56218082261,495.1205720901489,-0.050929112854551484
2.1,1,0.0020012564637568175,35,69440.96305752143,495.02180111408234,-0.05058751723907573
2.1,1,0.0009252202098215534,35,69405.95979158547,495.0431901216507,-0.05116216082098646
2.1,1,0.0007098769845970132,35,69419.43317845072,495.1201878786087,-0.05082308429685334
2.1,1,0.0020734215944613332,35,69391.92877790493,495.82268369197845,-0.049956909436813746
2.1,2,0.0016102681640060013,45,73240.12976377028,494.77202010154724,-0.11360636586367145
2.1,2,0.0009178161133318596,49,73284.65910763874,494.48237919807434,-0.11576148594263325
2.1,2,0.0013039021228915537,49,73210.39330615939,495.5220305919647,-0.11380275087165015
2.1,2,0.00016765761202286456,45,73242.39738235295,495.44364178180695,-0.11441484252339995
2.1,2,0.0022240669247675093,45,73221.89584559828,495.58490908145905,-0.11475142297666863
2.1,2,0.003590473438243702,46,73162.46977090115,495.713045835495,-0.1163568854898771
2.1,2,0.0025055962012894284,49,73190.8647183146,495.4263756275177,-0.11338332374579463
2.1,2,0.0012199501982141925,49,73170.7864649494,495.54452109336853,-0.11340943532492487
2.1,2,0.0002852534778892135,49,73259.97532744057,494.7402539253235,-0.115331784309052
2.1,2,0.0016342295922329164,49,73246.51912428395,495.306841135025,-0.11460944933180706
2.1,2,0.0011586474001523683,49,73242.81390158404,495.03605103492737,-0.11466222731289277
2.1,2,0.001252365917465248,45,73263.40468203477,495.79106521606445,-0.11431409322584574
2.1,2,0.0024911602716892745,49,73168.70354446587,495.1286962032318,-0.11412081172288202
2.1,2,0.0006820855491129763,49,73248.19031902877,495.6867698431015,-0.1138399438202482
2.1,2,0.0011227817678589602,49,73256.44105708796,495.3793227672577,-0.115971360312356
2.1,2,0.0007888863540594926,46,73158.89646993049,495.6120322942734,-0.110111465790526
2.1,2,0.000519130858484651,49,73225.08644362674,495.02756583690643,-0.11234748657510552
2.1,2,0.00195787183022178,49,73209.8204250861,494.54694056510925,-0.114178188128645
2.1,2,0.0014257533120192178,49,73300.28441770813,495.1129765510559,-0.11494237635024729
2.1,2,0.00032824156530475435,49,73284.84330053697,495.4506402015686,-0.11596784751505362
2.1,2,1.3155595985470114e-05,45,73307.44217884545,494.9686212539673,-0.11406820678734308
2.1,2,0.0027609084282618213,45,73246.06575081851,495.27529883384705,-0.11505722150862874
2.1,2,0.0017296561399731125,49,73323.48209730217,495.2640110254288,-0.11450340920007118
2.1,2,0.0026883446365006947,26,73225.19124955441,495.23168540000916,-0.1118869645473084
2.1,2,9.939412759507604e-06,49,73234.40047554718,495.05599761009216,-0.11339747096412567
2.1,2,0.0010530257891576689,49,73250.36991479724,495.3272581100464,-0.11793350571925298
2.1,2,0.0037165490340318463,49,73202.50044152656,495.1098881959915,-0.11331404505687703
2.1,2,0.0001189146758062698,49,73244.85742087605,495.3825776576996,-0.11643756272240613
2.1,2,0.0002990332452830202,49,73179.56908452239,494.87864339351654,-0.1143194011093096
2.1,2,0.002010643793854072,46,73185.9935916104,495.13567650318146,-0.1150425004281701
2.1,2,0.0014588341577930208,49,73276.36391274004,494.90810203552246,-0.11685957862794583
2.1,2,0.0012330177337807058,45,73204.58837382757,496.0636785030365,-0.11373575622394738
2.1,2,0.002093759340347834,49,73269.34795968825,494.81655621528625,-0.11557802481217805
2.1,2,0.0009132722077889177,49,73249.56923553716,494.74407136440277,-0.11298593020890424
2.1,2,0.000489138641779352,49,73315.66833744636,495.22109937667847,-0.11551121487500571
2.1,2,0.0008142609746393248,49,73251.30295538847,495.1770746707916,-0.11425868485813129
2.1,2,0.0018473911332921311,45,73270.13136189338,495.34961438179016,-0.11203583431442832
2.1,2,0.00011065364697460112,49,73213.4202003393,495.15904915332794,-0.11257318473985967
2.1,2,0.0019880609187361564,49,73168.68773871825,495.3134799003601,-0.11438419706994418
2.1,2,0.0006937293888995555,49,73154.6477757912,495.5506098270416,-0.11127885303784435
2.1,2,0.0009884799809243283,49,73239.29637552585,495.42919087409973,-0.11073264197240573
2.1,2,0.0015176279452089325,49,73203.96787455305,495.0324741601944,-0.11707246913932479
2.1,2,0.00091015539025463,49,73194.86484533112,495.3782103061676,-0.11534194855014546
2.1,2,0.00211107817069367,49,73323.53733631982,495.01874566078186,-0.1143795345390437
2.1,2,0.0015439929284775111,26,73230.50570551463,494.9298777580261,-0.11355066886571463
2.1,2,5.382449395385791e-05,49,73286.64730880519,494.44520127773285,-0.11147980467605434
2.1,2,0.0007396948214215548,49,73241.40332837973,495.3682231903076,-0.11419613861173761
2.1,2,0.0005713359058372447,45,73224.21150295471,495.7390341758728,-0.11625620313179708
2.1,2,0.0009266460456864856,45,73264.12917977934,494.9195206165314,-0.11392184968422492
2.1,2,0.00010396347346208756,45,73280.3247435272,495.6702038049698,-0.11535680741890864
2.1,2,0.00025756612649363575,49,73175.60706284817,494.6854237318039,-0.11344745205981654
2.1,2,0.0009709990600450524,49,73343.98864423107,494.5607987642288,-0.1147778228735612
2.1,2,0.0026067026544582816,49,73240.09170488788,495.4625644683838,-0.11488153090855113
2.1,2,0.002786019389355854,49,73226.22285972927,495.63379406929016,-0.11550663550329943
2.1,2,5.596416901010315e-05,49,73221.18329112479,494.7067139148712,-0.11418463071006002
2.1,2,0.0011500882607546892,49,73236.52998205843,495.7615157365799,-0.11431650894636758
2.1,2,0.0016217918893515204,45,73254.9540539306,495.1366021633148,-0.11616294223097534
2.1,2,0.002841509848819257,49,73194.06033954641,495.08610570430756,-0.11412187296379916
2.1,2,0.0007074438462071342,49,73181.44782973325,495.3610396385193,-0.11438191134406384
2.1,2,0.0013371275803346627,49,73249.61763776907,494.89648723602295,-0.11494851061134548
2.1,2,0.001750253565108384,26,73213.92985215146,495.6738063097,-0.11251126155881175
2.1,2,0.0018447430871906256,49,73247.65152093876,495.6919732093811,-0.11349875977768442
2.1,2,0.0008107011032558731,49,73215.77740886262,495.0868761539459,-0.11638312321285316
2.1,2,0.0002657903483611612,45,73324.85579650104,495.01059126853943,-0.11516411603861809
2.1,2,0.0008959582589840309,49,73179.83501465172,495.5985929965973,-0.11309250715265451
2.1,2,0.0026527216218590333,49,73196.4328213969,495.6037322282791,-0.11638004709796412
2.1,2,0.0004108645183329429,49,73238.07808211092,495.3203730583191,-0.11453426105977704
2.1,2,0.0021892525652233985,49,73260.15471195134,494.98261308670044,-0.11619563679334233
2.1,2,0.000664246389406209,45,73216.42500247702,495.4641350507736,-0.11287026773255948
2.1,2,0.0013544255894664126,49,73282.92676204868,494.9855090379715,-0.11411292718201627
2.1,2,0.0021240160648354767,49,73254.93759592935,495.83380126953125,-0.11950435899816969
2.1,2,0.0014108927677929373,49,73220.3978510615,495.0208456516266,-0.11122451547612378
2.1,2,2.399778085138138e-05,49,73206.39857364439,495.9262943267822,-0.11561014341478204
2.1,2,0.0008679104715731967,49,73256.38992919748,494.76589179039,-0.11689861176349647
2.1,2,0.0017914240374961032,49,73132.2629889818,495.47822308540344,-0.11339170869266546
2.1,2,0.0020012207307620322,49,73288.49601723746,495.2821546792984,-0.11486836543606671
2.1,2,0.0024116216288887493,49,73127.82722534027,494.93964540958405,-0.11460256861588825
2.1,2,0.000790043801071949,49,73236.83661134161,495.3689855337143,-0.114955149077963
2.1,2,0.0003251608353420643,45,73153.21486655573,495.6735258102417,-0.12093883026698693
2.1,2,0.0010223166950749096,49,73211.81056497835,494.9629975557327,-0.11577422896715195
2.1,2,0.0005919448822759854,49,73210.10159338183,495.4046199321747,-0.11388178333644405
2.1,2,0.0003210522234415869,45,73299.49554189644,496.23169803619385,-0.11052164451239821
2.1,2,0.001472946172416556,26,73211.04637299094,495.36199629306793,-0.1142164119213731
2.1,2,0.002711911755176377,49,73188.82133336895,494.9300854206085,-0.11532702558390673
2.1,2,0.000731285297340456,49,73209.00364206401,494.831626534462,-0.11698306884560816
2.1,2,0.0013372874716979233,49,73153.14184948015,494.8480485677719,-0.11265694223154421
2.1,2,3.1635189122969365e-05,49,73215.98889521093,495.294659614563,-0.11543678316139538
2.1,2,0.002399197405845044,49,73268.59414423577,494.6463768482208,-0.11303008796340541
2.1,2,0.00296882344735927,46,73137.20887984941,495.2781058549881,-0.11198883396695991
2.1,2,0.0016981639872550858,49,73163.32123241558,495.1394610404968,-0.11544606200999041
2.1,2,0.0019899778501173415,46,73231.36648830344,495.6662880182266,-0.11298106538252628
2.1,2,0.0008925489298565736,45,73219.49098619865,495.12196147441864,-0.11428815747230292
2.1,2,0.0005906842397913614,46,73126.10753428304,495.8217525482178,-0.11664368928561086
2.1,2,0.0008629890133580176,49,73276.0689638129,495.24987864494324,-0.11578976323967338
2.1,2,0.0003272390362534239,49,73254.96835540277,495.53993582725525,-0.11351085763951674
2.1,2,0.0007933055235955777,45,73273.30236060238,494.97151947021484,-0.11609166959753581
2.1,2,0.0011335366704092742,49,73270.2739287371,496.14845991134644,-0.1144117969308156
2.1,2,0.0002784770708155193,48,73230.26168118788,495.06995606422424,-0.11361200174085084
2.1,2,0.0026324029984619024,49,73143.03478522229,495.5773329734802,-0.11625147049980677
2.1,2,0.001812988233335755,46,73240.5234399738,495.4350845813751,-0.1113019429699158
2.1,2,0.0015097304899813757,45,73231.78987033422,496.1807692050934,-0.11561252175568715
2.1,2,0.0005609729271194297,49,73250.82054986851,496.00207686424255,-0.11183695770583402
2.1,2,0.000845381371413545,49,73225.50557672176,494.62698471546173,-0.11396379973249182
2.1,2,0.0026403394162546334,49,73151.96067542538,495.40776681900024,-0.11401703602702495
2.1,2,0.0014125384231027382,26,73173.15634030043,495.3342465162277,-0.11329601258259969
2.1,2,0.0019909696711635227,49,73200.05410233836,495.7189872264862,-0.11509394446717569
2.1,2,0.0006465289173225308,49,73247.12888746077,495.08438897132874,-0.11872847021877253
2.1,2,2.7138439525398184e-05,49,73304.55464262812,495.27869403362274,-0.11271390356345012
2.1,2,0.0003358087739648852,49,73320.78383632119,495.4240710735321,-0.11638422896270506
2.1,2,6.673022860281819e-05,49,73186.55127895622,494.1296081542969,-0.1116944210339208
2.1,2,0.0005966584998029489,45,73230.98209843671,494.9742213487625,-0.11556509643668522
2.1,2,0.0012998083552959727,49,73179.30471237999,494.7919533252716,-0.11379157152000441
2.1,2,0.0005959086986226936,49,73215.31090752702,494.8430427312851,-0.11703204236672815
2.1,2,0.0011701112318900364,45,73281.15946385007,494.6619005203247,-0.11636995339071987
2.1,2,2.6433003187165127e-05,46,73262.86327226124,495.3949373960495,-0.11109991628956739
2.1,2,0.003733796786372867,45,73253.84972352732,495.4149171113968,-0.11246757770549398
2.1,2,0.001959896394556626,46,73107.17657599188,495.16151034832,-0.11979766645805934
2.1,2,0.0031846542162146108,49,73223.88749025433,495.2352594137192,-0.11428119252851787
2.1,2,8.406622228918081e-05,45,73201.59341255973,494.9984428882599,-0.11636996365840768
2.1,2,0.003078843759142025,49,73277.83015038456,495.6719422340393,-0.1131225486637708
2.1,2,0.0012905478231539647,49,73228.35356468894,494.9850296974182,-0.11635975962156375
2.1,2,0.0008004045443539276,49,73199.30824363741,495.68453884124756,-0.11545422354789148
2.1,2,0.0018322620917201604,49,73201.10674511646,495.9045217037201,-0.11155547785152375
2.1,2,0.0013053215086293868,45,73260.29661062724,494.80976486206055,-0.1174979654154662
2.1,2,0.0015865110975612495,45,73291.14933936928,494.9515345096588,-0.11331473347003285
2.1,2,0.0020985620781339698,26,73237.01806299358,495.46453297138214,-0.11355684503355068
2.1,2,0.00048567633673135546,49,73263.79443873427,494.9408720731735,-0.11507959777875021
2.1,2,0.0009150947930507414,49,73221.61100690768,494.8074561357498,-0.10945322553951442
2.1,2,0.0021598713453419016,49,73170.55522030842,495.1337138414383,-0.1099860390841878
2.1,2,0.00018463266029655756,45,73245.69422570147,494.410005569458,-0.11663398389439039
2.1,2,0.0003026565150658911,45,73269.13357781857,494.692485332489,-0.11356090899040527
2.1,2,0.0007067335599484359,45,73236.14739149717,495.92334938049316,-0.11626216731497041
2.1,2,0.0025910971796037074,49,73162.62852699723,494.9960083961487,-0.1118647357841196
2.1,2,0.0010266336137974008,45,73253.34157330448,495.8200829029083,-0.11539559184505666
2.1,2,0.00012154227361316217,49,73152.79417128328,495.57649850845337,-0.11088949547888038
2.1,2,0.002708135724316385,45,73182.88105785332,494.8104213476181,-0.10994126014442429
2.1,2,0.00048328095244620783,49,73167.38427106402,495.2018494606018,-0.11724046239629238
2.1,2,0.002196005376640997,46,73178.385714021,494.93877506256104,-0.11413976920113833
2.1,2,0.0025434426731862914,45,73225.02958277994,495.11055409908295,-0.11510456760917953
2.1,2,0.002540678228132087,49,73226.60363720072,495.1542704105377,-0.11440791847783793
2.1,2,0.0024380893810636017,26,73240.67361352587,495.048020362854,-0.11476045442934257
2.1,2,0.00034888541132493955,49,73257.6166928474,494.51359605789185,-0.11490455161125368
2.1,2,0.0023271548702203937,49,73329.15754501485,495.21437978744507,-0.1155138601887411
2.1,2,0.0012520540339373554,46,73196.1517219812,495.3056242465973,-0.11330917434947563
2.1,2,0.0012415066089910276,49,73322.92163516112,494.965362906456,-0.11325725444865653
2.1,2,0.00023594195140486107,49,73272.22386875616,494.87065172195435,-0.11502778989341667
2.1,2,0.001148206734712165,49,73325.70131274642,495.5491497516632,-0.11691734281274835
2.1,2,0.0014623825858186557,45,73289.03639649256,495.1948860883713,-0.11542882497156315
2.1,2,0.003221596070056787,46,73132.04292167503,495.70497703552246,-0.1138383598835746
2.1,2,0.0002169479334015456,49,73217.4845001793,494.64088797569275,-0.11452697810458679
2.1,2,0.001342357730527155,49,73301.324141377,494.79209637641907,-0.11530474152603598
2.1,2,0.0011894452967853297,49,73196.63130132704,495.0880537033081,-0.11518107879247896
2.1,2,0.0017057864392535649,49,73223.10990991782,495.6485869884491,-0.11651989614303893
2.1,2,0.002245902148637846,45,73223.54852914583,495.02651381492615,-0.11311310219570014
2.1,2,0.0003126951306917647,49,73183.67848972588,494.9688334465027,-0.11395658143501985
2.1,2,0.0014816706634368515,49,73165.2616416552,495.1386251449585,-0.11545254728227161
2.1,2,0.0008751692383843768,49,73171.97532643724,495.61768305301666,-0.1139623973552375
2.1,2,0.000250691409191095,49,73298.87367479152,495.5133581161499,-0.11194326887848294
2.1,2,0.0033735609058660465,46,73198.54098037232,495.2778490781784,-0.11747794000391476
2.1,2,0.0007330292121996429,49,73266.7876961153,495.1481385231018,-0.11281642350827181
2.1,2,0.0003791077609989202,45,73288.14022080776,495.18039751052856,-0.1153167281617633
2.1,2,7.579847627336989e-05,49,73208.41629920193,494.945839881897,-0.11482689072637697
2.1,2,0.0004190797201579777,49,73318.68615988806,496.00545358657837,-0.11686946880517368
2.1,2,0.00026575880501411575,45,73275.59106982242,495.3499827384949,-0.11428673416702839
2.1,2,0.0002676014605542676,49,73180.32798075273,494.6062955856323,-0.11428376444093002
2.1,2,0.0002524738944487126,49,73229.3720920765,495.4861285686493,-0.11527133912170795
2.1,2,0.0010172779993604664,49,73160.71886336652,495.34334564208984,-0.11489522576896327
2.1,2,0.0015086772905568147,49,73264.81378003448,494.9459961652756,-0.11391269422185735
2.1,2,0.003107536411355305,49,73168.09609932863,495.99438893795013,-0.10893120305880233
2.1,2,0.0030064397590421343,49,73218.53890674487,495.14710688591003,-0.11324632267617041
2.1,2,0.0016288526294454542,45,73364.59278726824,495.59592866897583,-0.11814178132037378
2.1,2,0.0024064852651717317,49,73198.54207329795,495.2868517637253,-0.1109315787324332
2.1,2,0.0005890775299257633,49,73239.9597958578,495.4113599061966,-0.11429940401671379
2.1,2,8.270680674238307e-05,49,73196.37932665,495.9463230371475,-0.11561821260618355
2.1,2,0.0012643078649281492,45,73332.25707024435,494.9568501710892,-0.11386608178472035
2.1,2,0.0023761895854410575,49,73203.1770964108,495.62495517730713,-0.11410610463071658
2.1,2,0.0025041443627373816,46,73124.83371447292,494.93021166324615,-0.11286443034669569
2.1,2,0.000669164224089247,49,73198.41765337397,495.4198091030121,-0.11274738420494201
2.1,2,0.0019427594043550656,49,73188.63053593463,495.0851870775223,-0.1148974892460417
2.1,2,0.0020289594319371496,45,73289.33019847129,494.9794703722,-0.11304674010835769
2.1,2,0.00014580343807013563,49,73300.49482633751,495.60996675491333,-0.1167812569514679
2.1,2,0.000901122479230132,49,73205.98225648033,495.271915435791,-0.11778908215059936
2.1,2,0.003997350030683577,46,73234.65532545465,494.9626133441925,-0.11475635942485751
2.1,2,0.00043881668287060194,45,73254.57027186845,495.2261469364166,-0.11409758409701842
2.1,2,0.0005525864073026021,49,73175.51623027027,496.1431510448456,-0.11478311771252536
2.1,2,0.00041279206431665827,49,73248.8137841587,494.76948511600494,-0.11663092238758854
2.1,2,0.0005826939083624083,45,73272.62593923364,495.154797911644,-0.11498875443683354
2.1,2,0.0022193432563839544,46,73197.94299249878,496.1062824726105,-0.11867829314044953
2.1,2,0.0012521986153259945,46,73200.79852808036,495.841445684433,-0.11709979151708061
2.1,2,0.0029472703275805756,46,73252.19152486566,494.9655020236969,-0.11445067749004845
2.1,2,0.0020524908343082515,46,73153.50605119833,495.76368391513824,-0.11613223240527515
2.1,2,0.0012850650348008585,49,73258.72681680736,495.84845495224,-0.11569127430524939
2.1,2,0.002686195944560321,49,73147.6663125564,494.7792751789093,-0.11338388138854305
2.1,2,0.0016753889985325898,46,73165.27776716913,494.30913972854614,-0.11617557032987169
2.1,2,0.00019327876367247754,49,73306.06517129378,495.826581120491,-0.1150567429385625
2.1,2,8.916615452569943e-05,45,73203.97463406927,495.6295739412308,-0.11496048071788345
2.1,2,0.0002475264137054012,49,73146.08463537827,494.9265207052231,-0.11384069662008156
2.1,2,0.002511085413243741,49,73217.64850087404,495.3678810596466,-0.11550195980039923
2.1,2,0.0024328903459212015,45,73239.49062503471,494.40675926208496,-0.11677566040920029
2.1,2,0.0003499607711927588,49,73209.92169721433,495.3383412361145,-0.11420269575491737
2.1,3,0.0017320721775644365,22,77872.71915535505,494.7574646472931,-0.19217469915607954
2.1,3,0.0012589867129491061,22,77844.17066519833,496.0375597476959,-0.19298613364821882
2.1,3,0.001357230086363792,22,77854.34322130223,495.2310218811035,-0.19406144414451698
2.1,3,0.0010754831673938092,22,77935.57178560337,494.75895059108734,-0.19048350715837925
2.1,3,0.0022622656581430256,22,77862.42000331882,494.7373797893524,-0.1926292781295229
2.1,3,0.0031731166277513267,22,77883.82463269446,494.49771785736084,-0.1952201352382137
2.1,3,0.0007872347901773935,22,77731.55975101628,495.3418822288513,-0.1931126501346183
2.1,3,0.0016544841268166799,22,78020.39740764392,494.8991059064865,-0.19203071681966755
2.1,3,0.0015802149809105437,22,77896.31852724428,495.7553371191025,-0.19330548837943917
2.1,3,0.0032531772156381145,22,77584.79229195876,494.91370379924774,-0.19413557953192662
2.1,3,0.004077348415018722,22,77869.1217085363,495.616085767746,-0.1918995376835282
2.1,3,0.0036009254175888294,22,78043.31359876262,494.88097536563873,-0.19016389798023736
2.1,3,0.0013947706117156677,22,77966.53145352597,495.2521188259125,-0.19498588599409628
2.1,3,0.003015515227895005,22,78063.1394220299,495.96819615364075,-0.19070040105665576
2.1,3,0.006913706623832727,22,77706.68792239753,494.8468941450119,-0.1905305576915466
2.1,3,0.0003480619434066412,22,77631.56652886486,495.2891172170639,-0.1942609237567552
2.1,3,0.005669712296649809,22,77949.83832587118,495.3845113515854,-0.18950175343993858
2.1,3,0.004805889837556698,22,77774.85473158183,495.92911672592163,-0.1941268969941352
2.1,3,0.00964489348377029,22,77794.49181385225,495.28048968315125,-0.19315822523786497
2.1,3,0.0030064159272527036,22,77951.8987579892,494.9155180454254,-0.19402796689802138
2.1,3,0.001503246810621306,22,77788.43448212532,495.5758317708969,-0.19118977827754824
2.1,3,0.001579885165307715,22,78042.07616333748,495.6679244041443,-0.19240271899290673
2.1,3,0.0017928070534827256,22,77915.79511867001,495.1112959384918,-0.19171650255058825
2.1,3,0.0008554150649429104,22,78037.01973178342,495.38942527770996,-0.1939833897172507
2.1,3,0.0027310954840964463,22,77988.05735766925,495.1727262735367,-0.19426003141795234
2.1,3,0.003617658383548772,22,78055.50185904742,495.00229811668396,-0.19345472482528758
2.1,3,0.00027547746242806426,22,77922.66538190574,494.96285128593445,-0.18991628740170774
2.1,3,0.002297695631061192,22,77778.58479125939,495.77855134010315,-0.1949347523547973
2.1,3,0.004539572928145663,22,77914.99880531974,495.04867565631866,-0.18345544364177702
2.1,3,0.0008327953753157757,22,77818.77645101617,495.05596804618835,-0.19650699889588585
2.1,3,0.0020348233689340134,22,77916.84517321689,494.217401266098,-0.19007455202660983
2.1,3,0.002387656855924014,22,78043.20758656252,494.8194159269333,-0.1961909085791449
2.1,3,0.004999328337342401,22,77896.15220537224,495.6170748472214,-0.1920704757582128
2.1,3,0.0002832343969632056,22,78022.08464427754,494.4767256975174,-0.1912500633027936
2.1,3,0.0023342517944060504,22,78042.90918896788,495.17076086997986,-0.1845294263243955
2.1,3,0.0012281370031699268,22,77883.17804099321,495.0904656648636,-0.19793468421737015
2.1,3,0.004141369037279574,22,77844.74642989367,495.91818368434906,-0.18938652817604296
2.1,3,0.003277082576731427,22,78030.80054087116,494.5922476053238,-0.19018684319914958
2.1,3,0.0044190671417707605,22,77930.24334521536,494.6675407886505,-0.19314899238265593
2.1,3,0.0019085392325286499,22,77907.74299509302,494.8771858215332,-0.18968482473072856
2.1,3,0.0018398304130844423,22,77951.82330455139,495.22233867645264,-0.19277699479385801
2.1,3,0.0025735895577261303,22,77998.46629241144,495.2511953115463,-0.1943575918384246
2.1,3,0.001446183930180478,22,77918.31566380436,495.2175624370575,-0.18539295328097594
2.1,3,0.0015562226356045095,22,77923.7560586949,495.0424587726593,-0.19202161386211136
2.1,3,0.004276046997070626,22,78059.37160963449,495.3621165752411,-0.1888894154818226
2.1,3,0.005826287403102981,22,78018.8182665126,495.65892684459686,-0.19186562070229374
2.1,3,0.002876675849254884,22,77960.27072385012,495.34206449985504,-0.1939716416365873
2.1,3,0.0052558467880996496,22,77823.73297946178,495.48899471759796,-0.18995536064360685
2.1,3,0.006750980190142641,22,77948.76520628868,494.50509655475616,-0.18986443399597763
2.1,3,0.010970811109973777,22,77968.05980586476,495.32100009918213,-0.19588351751487965
2.1,3,0.003769952069610394,22,77935.35780096016,494.5036995410919,-0.19463884975377965
2.1,3,0.0016449250627803558,22,77947.17969330108,495.04814410209656,-0.19165810972247743
2.1,3,0.006484838727745412,22,77981.29595571267,494.83810234069824,-0.19487287256225283
2.1,3,0.003159278138398225,22,77730.5633837286,494.9760173559189,-0.19342484005026206
2.1,3,0.0008447690838502275,22,77952.2836559826,493.93634283542633,-0.1925382632884849
2.1,3,0.0033853341629384026,22,77971.3570629158,494.1028320789337,-0.1948208845346755
2.1,3,0.003463760981185615,22,77970.86123958426,495.3238149881363,-0.19504460919367106
2.1,3,0.00964555797407618,22,77765.07789781879,495.94042897224426,-0.19552936669128407
2.1,3,0.005568231470918672,22,77854.05650563579,494.31241500377655,-0.1916443957192968
2.1,3,0.005661063243044495,22,77905.37675244224,494.34484112262726,-0.19407716997917857
2.1,3,0.0010762599010107898,22,78014.20542154375,494.685528755188,-0.19607372169813897
2.1,3,0.0011880215541517636,22,77827.4021882905,495.0964813232422,-0.19180425823846003
2.1,3,0.007341526677499655,22,77895.17865583411,494.92424929142,-0.19369894309074764
2.1,3,0.0071142956170549,22,77875.65053728191,495.8326510190964,-0.18770099431402243
2.1,3,0.0011509063956345322,22,78068.35379566392,494.89735019207,-0.18498903665604627
2.1,3,0.000417739671831896,22,77889.81825184685,494.96684169769287,-0.192556632166474
2.1,3,0.0004350977466160977,22,77820.88073944671,495.6377680301666,-0.18675967522754133
2.1,3,0.002288739336910428,22,77972.41810418642,495.4756910800934,-0.19116306419717444
2.1,3,0.002106209776814083,22,77820.32947293256,495.71992123126984,-0.19608820177383057
2.1,3,0.003328236545633967,22,77966.19568139824,495.09415352344513,-0.19444177158457343
2.1,3,0.0006956168321901046,22,77893.77566184186,495.5277101993561,-0.19466758570184206
2.1,3,0.0003137602331317879,22,77976.2927593721,496.01948630809784,-0.19031708520995294
2.1,3,0.004300418184165267,22,78067.31306099718,495.2450330257416,-0.1940693150938122
2.1,3,0.00012224185216247463,22,77982.82536356198,495.1693105697632,-0.20056617375836683
2.1,3,0.00021064882443555533,22,77981.71582825102,494.2373584508896,-0.19252929298683474
2.1,3,0.0025673088687243606,22,77968.9013226986,494.53604006767273,-0.18929083695898452
2.1,3,0.0008027226507754115,22,78024.58551925592,495.17571783065796,-0.19335667980838145
2.1,3,0.004648041921385904,22,77981.50342888272,495.27737855911255,-0.1953274780438854
2.1,3,0.003147827217667487,22,77915.45130564492,494.57994186878204,-0.1854448955948147
2.1,3,0.0010173667254691487,22,77879.94468690512,494.6780458688736,-0.19613773069550589
2.1,3,0.0006230778756468602,22,77960.09719791586,495.7571156024933,-0.19491936215671646
2.1,3,0.0009631658198490101,22,77916.46259643932,494.9382438659668,-0.19210293118612776
2.1,3,0.004291314989106176,22,77870.78006435234,495.0137189626694,-0.1956636094901616
2.1,3,0.004723128930499421,22,78001.95486039235,495.140141248703,-0.19033435531283116
2.1,3,0.0001243012739551297,22,77886.46703359352,494.52831494808197,-0.19078748809845947
2.1,3,0.00278260057684232,22,77886.01296116938,494.9164501428604,-0.19700958472594832
2.1,3,0.005646852733389718,22,77869.63202336914,495.8534437417984,-0.18971407156562847
2.1,3,0.0014123526340230619,22,77970.0594452939,495.150150179863,-0.19051828981530194
2.1,3,0.0013062635956662128,22,77804.44474672926,495.5890508890152,-0.1945568990084876
2.1,3,0.0019973840869562665,22,77957.26026787021,495.6980879306793,-0.1905071461817176
2.1,3,0.002725663554725255,22,77900.90613836804,494.8465373516083,-0.19342821156563383
2.1,3,0.002453758892102531,22,77918.24720496796,494.99661791324615,-0.19170792914433088
2.1,3,0.0008934139711107569,22,78126.1996566789,495.7815227508545,-0.19778439992612706
2.1,3,0.000791261245516317,22,77798.01423624472,495.4458268880844,-0.19410036432574285
2.1,3,0.0019150217249714885,22,77991.45987116905,495.0599318742752,-0.18678013008481553
2.1,3,0.004883550929231983,22,77963.79521108819,495.85713040828705,-0.19322670074179116
2.1,3,0.005255622827126771,22,77899.90667516096,494.75677609443665,-0.19155818136384095
2.1,3,0.0005049380596320319,22,77866.38343072403,495.27495288848877,-0.18835795407329292
2.1,3,0.0036092271158718603,22,77828.61731061357,494.5388557910919,-0.19555121793651042
2.1,3,0.00030612531226692496,22,77843.68759396343,494.74630904197693,-0.19212136244935896
2.1,3,0.0038571384854795276,22,77960.1528057827,495.0468991994858,-0.19297090480969592
2.1,3,0.0006790145635573452,22,77864.94789741503,495.4068180322647,-0.1939000214633051
2.1,3,0.0029641356906169314,22,77905.08343746097,494.445862531662,-0.19237093145124318
2.1,3,0.0015275354795476481,22,78016.88910887498,494.8028738498688,-0.19604584263284353
2.1,3,0.0004182565111547909,22,77768.20334975053,495.5034739971161,-0.19716069637413192
2.1,3,0.0026123434479443652,22,77770.69678281341,495.7816095352173,-0.19544893379027983
2.1,3,0.0008408888194648689,22,78016.57657004894,495.6202691793442,-0.18538900968471417
2.1,3,0.002178337457829027,22,78090.11718093915,494.32948446273804,-0.19514711600949797
2.1,3,0.0029439357040277336,22,78066.86145649504,494.85965621471405,-0.1972661430215923
2.1,3,0.0061346101131563024,22,77861.48265632802,494.0334712266922,-0.19797729589648982
2.1,3,0.003269814135753002,22,77870.37741984987,495.2757054567337,-0.19030289404833756
2.1,3,0.00027920540519899006,22,77928.89027069171,494.36370027065277,-0.18917683457826406
2.1,3,0.0011814476324407686,22,78025.42015672408,495.74396193027496,-0.19168976803520543
2.1,3,0.0015403833334466377,22,77922.48577636629,495.1451880931854,-0.19410408776110422
2.1,3,0.0027730841106139437,22,77975.11986591478,495.17783987522125,-0.19754836474340198
2.1,3,0.005927561418546112,22,77969.84376293294,495.14539670944214,-0.18745954391343567
2.1,3,0.0033945502033945196,22,77780.74072811841,495.04218769073486,-0.19537884113565207
2.1,3,0.001351140034271392,22,78022.9963089195,495.3238174915314,-0.19295668824179102
2.1,3,0.002969871564836968,22,77928.98055535844,495.1257903575897,-0.1905148101076113
2.1,3,0.006881575766428227,22,77958.87680180983,495.806015253067,-0.1932841028345793
2.1,3,0.0012068706376293648,22,78062.75449703635,495.0664520263672,-0.19302470829966412
2.1,3,0.0005037489979247134,22,78009.8835413926,495.0490542650223,-0.19488674119818428
2.1,3,0.005773690102158113,22,77994.71097470535,495.3413563966751,-0.1905571891717499
2.1,3,0.0024720898765044907,22,78034.53209251344,495.1123697757721,-0.19214323057454608
2.1,3,0.008308458005895414,22,78088.6641551394,495.09831047058105,-0.19149172318511432
2.1,3,0.002279359157391525,22,78027.98604679007,495.116379737854,-0.1932293524136406
2.1,3,0.003693424968727488,22,78016.27922119782,496.0650690793991,-0.19344710683795863
2.1,3,0.0024576565854972365,22,77819.39232397628,495.41407561302185,-0.194050412351493
2.1,3,0.0038159053885449268,22,77943.40467935691,496.3948893547058,-0.19254654472965504
2.1,3,0.002384398848705338,22,78153.46793975994,495.17176389694214,-0.1973475621229719
2.1,3,0.002859028450501455,22,77954.49108114064,495.9124046564102,-0.1912435384676252
2.1,3,0.0017665364666821226,22,77948.29297392393,495.5655165910721,-0.20105293199301744
2.1,3,0.0036824397873078674,22,77809.08038889396,495.4301835298538,-0.19484002951035517
2.1,3,0.004724007493631888,22,77978.72401332382,493.8407336473465,-0.19480239828445978
2.1,3,0.0025781990640627583,22,77848.85206139987,494.48370492458344,-0.18911579819255353
2.1,3,0.0003685336930012717,22,78015.10685240776,495.1451903581619,-0.19242819402349975
2.1,3,0.0025941914844165304,22,77923.10310995988,495.51984429359436,-0.19424934823772033
2.1,3,0.008991076999328662,22,77946.3954699332,495.63010835647583,-0.19186767440328367
2.1,3,0.004953099886217505,22,77978.19213318035,495.4386304616928,-0.18847228483727152
2.1,3,0.001223110379247938,22,77920.04096759926,495.350879073143,-0.19421590640952457
2.1,3,0.0037163592421030067,22,77917.32839520532,495.8166859149933,-0.18789976150442422
2.1,3,0.0042327875782146585,22,77972.13453347521,494.64501655101776,-0.19696216143900513
2.1,3,0.005366603128541758,22,78012.96805088223,494.46257042884827,-0.19538303739110496
2.1,3,0.004247139449021553,22,78010.74173344529,495.5639410018921,-0.19270066053209023
2.1,3,0.0037131664456380165,22,77892.35678340042,495.40416622161865,-0.19231550727645175
2.1,3,0.003030693071694124,22,77815.55266821959,495.23461401462555,-0.19542120916649308
2.1,3,0.0001648714272559637,22,78051.39153368816,495.4917961359024,-0.18833272408697188
2.1,3,0.0041112555230671255,22,77974.52498243815,495.56060218811035,-0.19302020154158894
2.1,3,0.004242323640737844,22,77862.48767649716,495.4822919368744,-0.19884030342774173
2.1,3,0.003769070800412333,22,77989.95226176326,495.32053685188293,-0.1896834644241958
2.1,3,0.0012185912407653987,22,77976.07342398667,494.61165380477905,-0.19519955681044876
2.1,3,0.00358360029457927,22,77789.51979334766,495.0540245771408,-0.1835080631733661
2.1,3,0.004388069875597811,22,77834.72143134623,494.94723629951477,-0.19849283687212727
2.1,3,0.003341502118766382,22,77881.18115465494,495.06020390987396,-0.19002290549189205
2.1,3,0.00024002367659425872,22,77792.61043227099,495.12957239151,-0.1916448633601835
2.1,3,0.003019265266745119,22,77805.07607340337,495.88434648513794,-0.19377319623914713
2.1,3,0.00017500418368099346,22,77919.78829121032,495.17708683013916,-0.19370658456877154
2.1,3,0.002286326556453222,22,77895.72129616271,495.27188658714294,-0.19142123931228472
2.1,3,0.0011175764686379708,22,77828.66717563543,495.8174258470535,-0.19491597696247576
2.1,3,0.001497496460091785,22,77929.15520143458,495.54677402973175,-0.19488315176815107
2.1,3,0.004341053137284501,22,78231.00092276811,495.2098116874695,-0.19268142990310566
2.1,3,0.0035420776481127625,22,77906.63384770959,495.3094062805176,-0.1935962625662111
2.1,3,0.0009531245500506991,22,77944.357351465,494.48937809467316,-0.19414208980650272
2.1,3,0.00582881748109898,22,77943.74275067193,495.66875660419464,-0.20011239900193734
2.1,3,0.005717219362114889,22,77949.3142193969,494.8980442285538,-0.19336424760940352
2.1,3,0.000845848988007436,22,78056.56039835999,495.66965556144714,-0.19761337435213755
2.1,3,0.00022127985162834207,22,77833.22699300475,495.1183761358261,-0.19376311541043645
2.1,3,0.0025559780888673167,22,77943.04876138583,495.44982635974884,-0.19387899187775326
2.1,3,0.0060241701944723225,22,77964.8198199925,495.54664492607117,-0.19002068514521042
2.1,3,0.002106302633131829,22,77879.7931688693,495.6004545688629,-0.18685211056649198
2.1,3,0.007906255176140409,22,77906.2859777217,495.11115026474,-0.1945394133924534
2.1,3,0.0008597266305057083,22,78009.14545906146,495.1430069208145,-0.18996025344574874
2.1,3,0.0022273714112293064,22,78065.74935720548,495.1989507675171,-0.19315690625808246
2.1,3,0.004145559487430894,22,77925.57699946844,494.8333468437195,-0.19193159247637737
2.1,3,0.004410730401972707,22,78023.21298681761,495.1586608886719,-0.19378621758869286
2.1,3,0.0016481575096962686,22,77864.6738205982,494.981164932251,-0.19390316991034728
2.1,3,0.005396804985390524,22,77864.28910270383,495.3180276155472,-0.19254376107918403
2.1,3,0.004194948178881219,22,77851.19546452495,495.98099303245544,-0.18964733744847329
2.1,3,0.0018770063448458885,22,77935.38298309867,495.37022840976715,-0.18933805307300977
2.1,3,0.002727966135724902,22,78013.16778562876,495.4734306335449,-0.1918630890399311
2.1,3,0.0008803290728303104,22,77851.69110648641,494.6385180950165,-0.19349213477567107
2.1,3,0.001959454043484854,22,77817.12597101592,495.1862242221832,-0.19200706416498847
2.1,3,0.003570111673789178,22,77814.55895346074,494.29203021526337,-0.19227331544646176
2.1,3,0.0042306640896487835,22,78051.920166816,495.1325430870056,-0.18928188962314874
2.1,3,0.0026849014242205094,22,77933.01249018905,495.234493970871,-0.19425808668954225
2.1,3,0.004933130781186623,22,77979.92368287427,496.0891846418381,-0.19239850019782256
2.1,3,0.007403368568072111,22,77852.73061515456,495.17258310317993,-0.19480154393725613
2.1,3,0.00013335763541277856,22,77925.91285787364,495.45714581012726,-0.18760965330115975
2.1,3,0.0004961116344497363,22,77972.20374994869,495.8377115726471,-0.19351372215522034
2.1,3,0.00032057935461971,22,77896.52115902274,494.87717044353485,-0.19022511805573572
2.1,3,0.007343358089031415,22,77939.9091698509,494.92942452430725,-0.19534259845266755
2.1,3,0.006213127022626885,22,77913.0531405386,494.2379649877548,-0.1918105914952286
2.1,3,0.00809539131070336,22,77952.90956467483,495.92356634140015,-0.19253560986233698
2.1,3,0.0009009615859429942,22,77905.19408231335,495.55756402015686,-0.19282329336062398
2.1,3,0.0011429264056794786,22,77961.72186292007,495.27295553684235,-0.19762146950848503
2.1,3,0.0011024382622570883,22,78040.98232911881,496.11628317832947,-0.19108305575016016
2.1,3,0.0032639879240368153,22,77934.66123305817,495.0150227546692,-0.18963140935959277
2.1,3,0.0048248073847867445,22,77906.15807341941,494.5198860168457,-0.19074463626933458
2.1,3,0.001407917507635581,22,78134.82839935053,494.6135138273239,-0.199245938250592
2.1,3,0.0012576822837377932,22,77773.41965079492,495.0896567106247,-0.19398040963846497
2.1,4,0.002287589620639352,26,85675.26164169457,495.10058331489563,-0.2370723847427667
2.1,4,0.01515606744663156,26,85871.31893583083,494.5858018398285,-0.23859325136350784
2.1,4,0.01391748721875219,26,85751.56930594072,494.80478405952454,-0.23560634937186475
2.1,4,0.007226038972654614,26,85612.57319078081,494.7549240589142,-0.23181115642502337
2.1,4,0.006483432942220535,26,85785.84866747324,495.3912390470505,-0.23624867483779344
2.1,4,0.011953307614034347,26,85954.20684779782,495.42148900032043,-0.23454237706063585
2.1,4,0.00739676456449434,26,85632.03974871124,495.71147751808167,-0.23185406227539507
2.1,4,0.009126619389665969,26,85730.63297207354,494.6936705112457,-0.22907211119963722
2.1,4,0.011007135176160254,26,85746.07010038926,494.92191326618195,-0.23405412067725662
2.1,4,0.00905181345055972,26,85714.52868600284,494.95726788043976,-0.23472055497041588
2.1,4,0.012095045116762293,26,85887.65871409506,494.7705035209656,-0.23374196204355258
2.1,4,0.007654304913347509,26,85691.63212499706,494.9476418495178,-0.2319166695701107
2.1,4,0.009799584756404744,26,85749.52324720046,494.9286276102066,-0.23222713367563963
2.1,4,0.007342262478780892,26,85797.19225458991,496.11263406276703,-0.2351940267424637
2.1,4,0.0069898643671355565,26,85719.20599232444,495.20738649368286,-0.22832705651259677
2.1,4,0.005865205488716274,26,85697.43690146464,495.7557643651962,-0.23198862001961262
2.1,4,0.008852784306880856,35,85746.04334474285,495.77564454078674,-0.23361785274736135
2.1,4,0.004914713188521436,26,85743.24052937634,494.5429983139038,-0.23814016631378032
2.1,4,0.00819791233681677,35,85807.29696529407,495.1274154186249,-0.22997910290551293
2.1,4,0.0070775440095469655,26,85792.11832578083,496.166296005249,-0.23173374473933683
2.1,4,0.009533764833635328,26,85611.61857269496,495.6739294528961,-0.2334474599404559
2.1,4,0.012793538049403086,26,85801.15285520193,494.88116776943207,-0.23400453136520927
2.1,4,0.00991825016762693,35,85809.78351382382,494.7284872531891,-0.23507144890169274
2.1,4,0.007921287879712136,26,85736.7735071474,494.60564517974854,-0.23182392601446034
2.1,4,0.011689478593938762,26,85698.88679863542,494.9127105474472,-0.23664766946284588
2.1,4,0.007491807172532727,26,85683.18332746647,496.05882596969604,-0.23441133289584637
2.1,4,0.006083334009613139,26,85565.70389170996,495.65946567058563,-0.2367104293515041
2.1,4,0.009989000328761488,26,85689.4652017146,495.34793877601624,-0.22938875822425042
2.1,4,0.008068708033813543,26,85768.12183357014,494.62420630455017,-0.2387977332151454
2.1,4,0.007903862125318906,26,85752.5634099795,494.9523903131485,-0.23755867687696286
2.1,4,0.013589038839121326,26,85747.36710907423,495.36892461776733,-0.23561994212831716
2.1,4,0.010150853064457177,26,85649.99597302936,494.65315341949463,-0.2321282711335766
2.1,4,0.005223504085883235,26,85726.46749070771,496.2327983379364,-0.23013041320352068
2.1,4,0.008353868357857674,26,85868.9349105411,494.1163718700409,-0.23304706129344122
2.1,4,0.009077478022691654,26,85701.94868180697,495.47652292251587,-0.22672966526772753
2.1,4,0.005388217711476795,26,85710.54288484444,496.05923414230347,-0.22885368896677316
2.1,4,0.005047705140752257,26,85743.6444715813,495.10654866695404,-0.23060669706676395
2.1,4,0.013346323886613831,26,85850.54321589881,495.0150775909424,-0.2367792699751794
2.1,4,0.010052928125399596,26,85754.2482551486,494.97344851493835,-0.23176141057057786
2.1,4,0.01217983181725213,26,85842.2397664844,495.2847948074341,-0.23158711468259097
2.1,4,0.0073267052706231794,26,85719.19414936316,495.0639681816101,-0.23481742214358747
2.1,4,0.0025665253470386062,26,85815.16354789167,495.02834355831146,-0.23703977560111666
2.1,4,0.009595291188723376,26,85771.84139326918,495.28341257572174,-0.2335564693441896
2.1,4,0.005759503778335784,26,85788.5478979227,494.98284339904785,-0.23260933759818037
2.1,4,0.009978225132544871,26,85697.63216740526,494.66215765476227,-0.23647558926385503
2.1,4,0.007633409582405992,26,85718.0197986305,495.31930780410767,-0.23202638034129563
2.1,4,0.011161515983393322,26,85805.99812422703,495.1474943161011,-0.23311462198115884
2.1,4,0.005763514267914438,26,85764.17775246357,495.41690504550934,-0.2334091786383603
2.1,4,0.009921064432719895,35,85766.71462993878,495.2860906124115,-0.23212420952520008
2.1,4,0.005854782571106387,26,85766.35580057083,495.5716413259506,-0.236767355894421
2.1,4,0.00488083874092915,26,85572.37132951074,495.15676712989807,-0.24226662293402956
2.1,4,0.004917785147827036,26,85731.92647266206,495.2389602661133,-0.23463354914432766
2.1,4,0.01315583848411217,26,85726.21559397945,494.48888397216797,-0.2314080976588675
2.1,4,0.010564239589723634,26,85850.13352049842,495.5851378440857,-0.2315735360329323
2.1,4,0.005298701499607095,26,85821.54185852809,495.38330924510956,-0.23293175347206785
2.1,4,0.006294151390134672,26,85767.83500530345,495.6914031505585,-0.22714528642580012
2.1,4,0.008077842367554045,26,85752.07314560805,495.40779638290405,-0.23241195472926424
2.1,4,0.003073425644754657,26,85829.54067316411,494.98145842552185,-0.23167270860983802
2.1,4,0.014408075943068255,26,85823.89200555606,494.7251226902008,-0.22749528962630583
2.1,4,0.009391244456601111,35,85793.13628404553,495.2828837633133,-0.22925522148159172
2.1,4,0.006973930003152606,26,85761.90172855539,494.64837634563446,-0.23375539908022258
2.1,4,0.011624171938695138,26,85721.55362467161,495.1515762805939,-0.22502005307983763
2.1,4,0.006805020025849817,26,85650.00091535985,495.76924550533295,-0.23243496428735355
2.1,4,0.006855992728299842,26,85788.36222584892,494.8348767757416,-0.23431623370232502
2.1,4,0.007654302459450424,26,85694.31065862723,494.90488481521606,-0.2321135822095135
2.1,4,0.00636639988830634,26,85720.19320507626,495.2494583129883,-0.23095477391970287
2.1,4,0.0073472319719996015,26,85834.24492686833,494.7175472974777,-0.23303722523752435
2.1,4,0.007964063219947803,35,85693.45449188273,494.5943406820297,-0.23853585550413925
2.1,4,0.0060786038753382066,26,85816.2973706385,494.864315867424,-0.23200913875999807
2.1,4,0.010295891716046501,26,85783.5373668387,495.6368486881256,-0.23594883504837094
2.1,4,0.010413393145281002,26,85765.54132405811,494.918310880661,-0.23563603936261623
2.1,4,0.01035699984144589,26,85710.41549878333,495.45667493343353,-0.2318473569091637
2.1,4,0.009129515327729099,26,85717.60662027725,495.1199862957001,-0.23962650005681718
2.1,4,0.008688784221437373,35,85819.97574568207,495.0019379854202,-0.2318259732311463
2.1,4,0.004334857575357454,26,85603.57599312952,495.5107283592224,-0.23319404271360678
2.1,4,0.008525753634533118,26,85798.74784719624,494.7082040309906,-0.2338754294571006
2.1,4,0.005556633330357386,26,85700.15860297425,494.16101241111755,-0.2289376725615031
2.1,4,0.01171136415356866,26,85666.18610122029,494.9134304523468,-0.23027964848044413
2.1,4,0.006790090637546431,26,85659.00283150341,494.070650100708,-0.23299139067435348
2.1,4,0.00576637348847342,26,85865.20670292163,494.3796969652176,-0.23438622886591598
2.1,4,0.011742975769280406,26,85694.81662597321,494.79211235046387,-0.23502356708010752
2.1,4,0.01191450245601322,26,85786.54723243734,495.14797604084015,-0.22913777796894808
2.1,4,0.011201023995620396,26,85725.71830991181,495.0611971616745,-0.23141848272627552
2.1,4,0.016435236072361192,35,85731.00533247503,495.5928488969803,-0.23139831799678534
2.1,4,0.002786516124044347,26,85722.62398434393,494.53134071826935,-0.23186023243428533
2.1,4,0.007479249124201726,26,85861.21603115881,495.21064352989197,-0.23250182564367194
2.1,4,0.007596632037131457,26,85825.58939665355,494.8764863014221,-0.23501064690784434
2.1,4,0.008476030617029284,26,85716.18861601906,495.26299011707306,-0.23895314836007708
2.1,4,0.012251003005762318,26,85586.24085792014,494.1440110206604,-0.23316403046538148
2.1,4,0.012441623784097189,35,85782.46790135438,496.338308095932,-0.22842972895566227
2.1,4,0.008463922778080502,26,85726.61798429955,495.4601241350174,-0.23585562269602312
2.1,4,0.013122312245024581,26,85676.43253667829,496.0315557718277,-0.22968152388078322
2.1,4,0.00784285047086275,26,85687.11623320337,495.26097297668457,-0.23212193664741476
2.1,4,0.014213293460546339,26,85688.57361354999,495.2324596643448,-0.23678640453147048
2.1,4,0.009738067552909069,26,85770.95480961562,495.45130133628845,-0.23490676852984893
2.1,4,0.008225574140011016,26,85716.70917633777,495.58022677898407,-0.23420992128082152
2.1,4,0.009322793151784747,26,85901.65982229517,496.23119509220123,-0.23249916600932607
2.1,4,0.011026563942823753,26,85780.24402856921,495.489027261734,-0.22981779267266345
2.1,4,0.008409593760140499,26,85855.03923072638,496.1224695444107,-0.23044519428490706
2.1,4,0.004825256159449953,26,85720.3013507972,494.8748768568039,-0.2311282636821932
2.1,4,0.007446300270876893,26,85749.71997152986,495.1169390678406,-0.2353771686174393
2.1,4,0.015252241804686317,35,85770.50599144374,495.17625749111176,-0.23657599626930814
2.1,4,0.00923355243458479,26,85684.1053071056,494.76671051979065,-0.23486335161055583
2.1,4,0.012105159216155403,26,85672.46638267336,494.8560506105423,-0.23415750777538258
2.1,4,0.003824709222100431,26,85648.2807310448,495.0863218307495,-0.23390601877672523
2.1,4,0.006896316675141012,26,85707.086218972,494.79915952682495,-0.2334416203027796
2.1,4,0.008546125722469267,26,85922.83626814201,494.94156980514526,-0.23264373148504025
2.1,4,0.006829803616733798,26,85730.63661958148,495.63051402568817,-0.22966403057326534
2.1,4,0.007276256355080335,26,85717.30041304296,495.3672263622284,-0.23204850734381832
2.1,4,0.012452966864824777,26,85655.65504018575,495.06400525569916,-0.2423718745419492
2.1,4,0.010275795859012504,26,85781.42740584942,495.13751888275146,-0.24172009474049738
2.1,4,0.009642523117360469,26,85692.71624995937,494.8049147129059,-0.23271222942875447
2.1,4,0.01114241537705496,26,85659.0846284564,495.53437745571136,-0.23503264466794827
2.1,4,0.00887892617367081,26,85815.8971045,494.80546283721924,-0.23263038384137968
2.1,4,0.002935900398968183,26,85652.65750623823,494.933997631073,-0.2364823760023005
2.1,4,0.013097634261140634,35,85746.86509102877,494.89543747901917,-0.23120387080823646
2.1,4,0.009823020067202481,26,85756.27485361365,495.5633313655853,-0.23905540939848757
2.1,4,0.014925998401623897,26,85640.80635326564,494.6559724807739,-0.23188000506074613
2.1,4,0.009867353000530876,26,85664.51410796524,495.59660744667053,-0.2277483968691727
2.1,4,0.013034398097807376,26,85650.27340668213,495.4365818500519,-0.2360450037496975
2.1,4,0.014306154590084663,26,85785.08318179364,495.04157876968384,-0.23285111864198327
2.1,4,0.01248106549683392,26,85697.23470314767,495.0936858654022,-0.2320443620072059
2.1,4,0.008369092392308541,26,85805.54820198573,494.78616642951965,-0.23939017979474286
2.1,4,0.008862951351723325,35,85634.15631741493,495.3585749864578,-0.22795142577999594
2.1,4,0.007845202994069211,26,85705.92732803884,495.56607723236084,-0.23324959215438712
2.1,4,0.009385070107480242,26,85646.95778307276,495.4100841283798,-0.2310317887551716
2.1,4,0.00660263096169178,26,85730.67041863952,495.1390299797058,-0.23964225661807026
2.1,4,0.011043089921738414,26,85609.52152553009,495.64327788352966,-0.23394514308613812
2.1,4,0.0038804909315457436,26,85801.72940840606,495.14620089530945,-0.23535469959303756
2.1,4,0.005059309646043175,26,85764.72815731002,495.34195816516876,-0.23181421653623868
2.1,4,0.012442194629862069,26,85753.45107886137,495.4616813659668,-0.24112086690627432
2.1,4,0.009143609020327403,26,85697.16595598559,494.89783334732056,-0.23618305449408483
2.1,4,0.0036870359586100854,26,85664.19535731821,494.9952745437622,-0.23308136987635475
2.1,4,0.007488364143493076,26,85930.6923815807,495.2275114059448,-0.24178040195609918
2.1,4,0.010385622742862033,26,85725.74314889553,495.1427426338196,-0.23775814367274872
2.1,4,0.004569378409525093,26,85727.03320800707,495.98297119140625,-0.23551235205777
2.1,4,0.00965320354932242,26,85738.37038669875,494.9520981311798,-0.2254180781042059
2.1,4,0.006792336321657544,26,85704.19907166257,495.1175614595413,-0.2357325217461781
2.1,4,0.00816987948499781,35,85795.91882533577,495.11350679397583,-0.23374152339457477
2.1,4,0.006204808293491126,26,85590.59072873785,495.35028553009033,-0.22843224503887471
2.1,4,0.010170682942470144,26,85733.08475671468,494.889235496521,-0.23929883048480627
2.1,4,0.013695056193368416,35,85689.8818391773,495.46538627147675,-0.23325449109745322
2.1,4,0.00764964873960583,26,85742.15203121751,495.43103861808777,-0.22709902877632349
2.1,4,0.013740769368146832,26,85784.38211946894,494.8230152130127,-0.23508671852939056
2.1,4,0.007899874046674249,26,85640.19076717542,495.7808163166046,-0.2331637737814416
2.1,4,0.007774995559886477,26,85792.53839026878,495.72335934638977,-0.23739619958768743
2.1,4,0.0037568557147018566,26,85736.56888596129,495.62766194343567,-0.22964907932329215
2.1,4,0.0051349107030120855,26,85709.77851876216,495.69733130931854,-0.23345968192441502
2.1,4,0.00861482547888981,26,85772.34382899341,494.63543593883514,-0.23026208393869907
2.1,4,0.007572792878955514,26,85756.36289723421,495.3408808708191,-0.23421349242048417
2.1,4,0.010435277874169646,26,85727.87732141218,495.7998478412628,-0.2326728350417504
2.1,4,0.011914582816868524,26,85563.69086144734,494.9611437320709,-0.23173456718947816
2.1,4,0.005814050907354762,26,85737.85335971433,494.67908239364624,-0.24006469802055586
2.1,4,0.010662415293553273,26,85797.1857632594,495.2587469816208,-0.2272172716528975
2.1,4,0.01267075829481934,26,85716.9871716292,494.62382197380066,-0.2300402553061196
2.1,4,0.011629768653016015,26,85819.69993701628,495.07245349884033,-0.23255946215829737
2.1,4,0.011887480508190329,26,85694.97896910095,494.6165667772293,-0.240797735787049
2.1,4,0.004119970579512078,26,85802.32299449907,495.2433080673218,-0.23517331640424866
2.1,4,0.012001520898625717,26,85825.93839416276,495.28971338272095,-0.23747620736595954
2.1,4,0.005399280087048375,26,85792.74871000354,494.5607588291168,-0.2333826881945913
2.1,4,0.011127705142976119,26,85887.70075115525,495.2150466442108,-0.2338807195828525
2.1,4,0.006938120786533553,26,85801.37357302761,495.4550848007202,-0.23832422229747463
2.1,4,0.007358382001116492,26,85827.33741600036,494.93500578403473,-0.22987443705159039
2.1,4,0.010217010402201687,26,85710.19355340124,495.307942032814,-0.23360879390671507
2.1,4,0.01141116803765252,26,85750.62639411441,495.36356687545776,-0.23339607266306905
2.1,4,0.007699059283939214,35,85792.11280314588,495.26863980293274,-0.23422386868080647
2.1,4,0.009125250837265675,35,85759.20315901343,495.41972148418427,-0.23313301297513744
2.1,4,0.00930895944963872,26,85763.84766285025,495.69530951976776,-0.23420304627428234
2.1,4,0.005518448695867928,26,85832.57942957213,495.36318814754486,-0.23263187764954418
2.1,4,0.009234106418491539,26,85682.88221954786,495.6393871307373,-0.2338795013061381
2.1,4,0.0038687994126931358,26,85733.68533674281,495.4694069623947,-0.23277508053257323
2.1,4,0.005383219056958044,26,85766.90909573561,495.388072013855,-0.24278517948962408
2.1,4,0.008752782492641664,35,85846.6981876012,495.48647141456604,-0.2379968179835299
2.1,4,0.007591950360243516,26,85818.92089090742,494.76389515399933,-0.22875164431275485
2.1,4,0.006884939323194228,26,85848.35949326602,495.0889152288437,-0.23164480958280853
2.1,4,0.014119751867731622,26,85697.15386099851,494.78821408748627,-0.22605647101290005
2.1,4,0.007637498360548722,26,85763.32670835863,494.8653094768524,-0.2312638956123867
2.1,4,0.010878742535109343,26,85783.65486271691,494.6788160800934,-0.23029971770149982
2.1,4,0.011481429705208157,35,85819.51708748464,495.2708303928375,-0.22995817743397273
2.1,4,0.01303650499517195,26,85720.56712052411,494.80037820339203,-0.23143028012808653
2.1,4,0.010995052526831639,26,85668.22353598468,495.2737830877304,-0.2342949994988628
2.1,4,0.005724606192108794,26,85663.29970136512,494.91193199157715,-0.23206517793831738
2.1,4,0.0013282955486944026,26,85685.4146534008,495.3007255792618,-0.2337877062579623
2.1,4,0.006878447775569452,26,85620.84535826402,495.95147490501404,-0.22913145445469563
2.1,4,0.010323308596055458,26,85725.68005756465,494.93892550468445,-0.23794726119716336
2.1,4,0.009963588300598403,26,85594.91375441288,495.4723161458969,-0.23186475166861964
2.1,4,0.0154121887982539,35,85763.91814602571,495.21287751197815,-0.2362779847287062
2.1,4,0.0106150943058676,26,85744.88650669924,495.22806668281555,-0.2399557358469402
2.1,4,0.0055685158108182975,26,85763.72859858943,495.1522946357727,-0.22614159087253083
2.1,4,0.011881417315132481,26,85690.57781857693,495.4676069021225,-0.22782653900419847
2.1,4,0.008106502262271054,26,85681.12626515496,494.8336913585663,-0.23660034132320718
2.1,4,0.014158751069623943,26,85780.14283626873,494.8744697570801,-0.2339490433908491
2.1,4,0.010791665188590205,26,85853.89063496696,495.60140800476074,-0.2327478708265982
2.1,4,0.011782387782528936,26,85850.04832703878,495.07070529460907,-0.23369198794907042
2.1,4,0.008743883789905649,26,85763.80423516339,495.64239513874054,-0.23669381225570474
2.1,4,0.009462488410854064,26,85646.50313210876,496.06322979927063,-0.23364587060696995
2.1,4,0.0145508377200958,35,85791.23253131374,494.9023802280426,-0.23101994416928306
2.1,4,0.013743747984162447,35,85835.26128336234,494.94408643245697,-0.23608814324474436
2.1,4,0.008037643223208324,26,85772.36332042344,495.22315204143524,-0.2322526441813213
2.1,4,0.007043748020016949,26,85638.90091834584,495.0495045185089,-0.23354325817022348
2.1,5,0.010609871901939183,31,92412.33178630525,495.2421919107437,-0.30084463954127405
2.1,5,0.00725802963831379,31,92426.9478530617,495.286568403244,-0.30279198487921577
2.1,5,0.00258150465568896,31,92374.07542058312,495.01132917404175,-0.3004115586674114
2.1,5,0.0024701622525449274,31,92392.54964854952,495.0151518583298,-0.30579573933294424
2.1,5,0.00212817503065299,31,92474.86915996822,495.5582675933838,-0.3045096418173876
2.1,5,0.001125413456781299,31,92404.85240110493,495.7248857021332,-0.30187450544645356
2.1,5,0.006962918533746976,31,92441.39833424719,495.22448229789734,-0.3039269217021314
2.1,5,0.0011562389961299324,31,92466.0553592188,495.5730483531952,-0.3023998908647578
2.1,5,0.009516008682096455,31,92528.35431468321,494.7265936136246,-0.3082411517357375
2.1,5,0.0023987675235246364,31,92485.88419729358,495.4253695011139,-0.3068711524749377
2.1,5,0.008496559870714737,31,92487.05757720186,494.89386880397797,-0.3040648231739289
2.1,5,0.004527757884204675,31,92490.58196489088,495.59795892238617,-0.30247202388335714
2.1,5,0.001972195514056363,31,92388.61425271683,494.95519173145294,-0.3039938773185147
2.1,5,0.008785632672529964,31,92533.35679725627,494.91146969795227,-0.3036068946718853
2.1,5,0.003983160370007344,31,92486.98393917458,495.4638502597809,-0.30227570053948405
2.1,5,0.0036938844721738917,31,92469.6870080577,494.6532530784607,-0.30497252984926826
2.1,5,0.006058010726984087,31,92473.31816450565,495.41166293621063,-0.301141282016433
2.1,5,0.007896831794791392,31,92524.14809364529,494.667671918869,-0.3013125841900124
2.1,5,0.006596614377446297,31,92426.83148704674,495.4472066164017,-0.3049948948657626
2.1,5,0.00807292990790165,31,92506.69503423288,495.7131128311157,-0.3025499929673512
2.1,5,0.004779518844168162,31,92514.56003476527,495.4217894077301,-0.3020180679285491
2.1,5,0.0072456216927876405,31,92434.61099477804,495.18177556991577,-0.301925893346521
2.1,5,0.005799851730245109,31,92475.14819409022,494.80989587306976,-0.3027741883559001
2.1,5,0.0027766665446811167,31,92459.66598571191,495.645467042923,-0.3026313269003147
2.1,5,0.004217479842111516,31,92513.4078158672,494.34366369247437,-0.3041966092135371
2.1,5,0.004862741467511533,31,92418.08888042925,495.1486531496048,-0.303231281036368
2.1,5,0.0022364655409892187,31,92490.10743732,495.7343294620514,-0.30536659196074734
2.1,5,0.003731150104496983,31,92402.35856685873,494.98972940444946,-0.30199987144663565
2.1,5,0.005875947940244597,31,92495.53875998611,496.1872823238373,-0.3056246249104002
2.1,5,0.010437543184454334,31,92468.96919000972,494.4806740283966,-0.30449646547814724
2.1,5,0.0024367130711788754,31,92473.12390485714,494.7749309539795,-0.3025833627625738
2.1,5,0.010112654517684394,31,92458.71669921021,495.9876284599304,-0.3010510065862251
2.1,5,0.004438567452812681,31,92400.66791029497,494.4187171459198,-0.30565306174854423
2.1,5,0.00030191573109572545,31,92371.65035632833,494.4891846179962,-0.3026453628681567
2.1,5,0.0063704414480851845,31,92454.93851691447,495.2675926685333,-0.30232334374303393
2.1,5,0.002256686514103823,31,92419.5247460454,494.8200658559799,-0.3063414920387819
2.1,5,0.005114461682409477,31,92539.92388397992,494.9239547252655,-0.3062638218078608
2.1,5,0.00038187905273012746,31,92414.54378281061,495.43519592285156,-0.30085234358215485
2.1,5,0.0009432159226085979,31,92475.55968865627,494.43582820892334,-0.304866977775075
2.1,5,0.005558044953102748,31,92475.71894029196,494.8846402168274,-0.3033291825810447
2.1,5,0.008197367247441356,31,92507.12200846906,494.7223308086395,-0.3035908999484247
2.1,5,0.006575077619360492,31,92498.22690021708,495.10988211631775,-0.30661363252682206
2.1,5,0.0013940135818990562,31,92486.28304824169,495.24578881263733,-0.3058750664055949
2.1,5,0.0037219472625849015,31,92459.48080424874,495.0749225616455,-0.30442406092826446
2.1,5,0.004727288980975075,31,92455.33834177016,494.86606001853943,-0.30272427137754376
2.1,5,0.00081456774376365,31,92497.65229768201,494.62917017936707,-0.3049741393108918
2.1,5,0.0036883633208839584,31,92454.60247405733,494.8236472606659,-0.3048714295998842
2.1,5,0.007665385796373325,31,92466.16416392368,495.13885271549225,-0.3055886616554402
2.1,5,0.009965971399644946,31,92436.13789033778,494.70142686367035,-0.3021922576468328
2.1,5,0.005835835754549823,31,92472.12735579732,494.6129471063614,-0.30502275336012974
2.1,5,0.003057672994940752,31,92506.58881719745,495.6733144521713,-0.3047766940516623
2.1,5,0.002460853279619535,31,92560.07123988497,494.96567153930664,-0.3024596227945513
2.1,5,0.004308464095316378,31,92389.95854387933,495.03021240234375,-0.30419171343552387
2.1,5,0.0032747582051233515,31,92404.26199685289,494.95971500873566,-0.3028627915828035
2.1,5,0.003363208302262777,31,92409.9308506783,495.52466583251953,-0.29895382052204234
2.1,5,0.0058613094200850036,31,92494.56965324291,494.4966185092926,-0.3041973176129724
2.1,5,0.0012703996485057267,31,92531.08319964149,494.53000378608704,-0.30332460450971066
2.1,5,0.003920028180918855,31,92491.16142006987,494.75578808784485,-0.30314434791229194
2.1,5,0.003084925703356056,31,92423.90113876235,495.39658427238464,-0.3038071993339666
2.1,5,0.003940015176061351,31,92428.57162403893,494.6421558856964,-0.3051739841818233
2.1,5,0.004526476363746479,31,92491.78358620442,495.7929323911667,-0.3036753894447328
2.1,5,0.000880164174800413,31,92422.90475250166,494.88319873809814,-0.30262239205270225
2.1,5,0.011705897082608274,31,92446.94887684761,495.4088888168335,-0.3030715744146266
2.1,5,0.000971029458341377,31,92421.6852752367,495.39626359939575,-0.3025764823476145
2.1,5,0.0002839828196004035,31,92460.16818161326,495.04495072364807,-0.3043852017711941
2.1,5,0.005410918347231064,31,92466.68975225733,495.3388968706131,-0.29905087391786034
2.1,5,0.007015091634682502,31,92469.10656957461,495.54816114902496,-0.30934493880089686
2.1,5,0.007065496116227532,31,92437.79590198811,494.930450797081,-0.30562522651414503
2.1,5,0.006440253603877011,31,92531.32252138267,495.33437061309814,-0.3022253298540998
2.1,5,0.007434504890157623,31,92476.58410543318,495.8025631904602,-0.3096116024174216
2.1,5,0.007278249889564936,31,92394.92472543746,495.5179899930954,-0.3032658718590535
2.1,5,0.007815111070795133,31,92486.93796857707,495.9089596271515,-0.3033230196106387
2.1,5,0.0026747456930902302,31,92451.23299510327,495.46121072769165,-0.3053153882420978
2.1,5,0.003837197266121972,31,92524.21426519881,495.63374495506287,-0.3023322118414009
2.1,5,0.0033040338760779164,31,92472.72864468064,495.57619988918304,-0.30292217342828076
2.1,5,0.001840534506856173,31,92352.87118690676,494.7744097709656,-0.3019117302587826
2.1,5,0.005653786967784402,31,92557.31584980882,494.7848403453827,-0.304932860539636
2.1,5,0.003624523375163946,31,92510.01723866869,495.14053869247437,-0.30092391262714746
2.1,5,0.007009645839245238,31,92421.26369324222,494.7437365055084,-0.3049820720908494
2.1,5,0.002297105617303785,31,92431.44134358593,495.7670681476593,-0.30240041437081855
2.1,5,0.0019541669910756454,31,92429.84468791843,494.8975923061371,-0.3019682873889824
2.1,5,0.005403446387491684,31,92466.54141936438,495.38476371765137,-0.30411601039130387
2.1,5,0.0030375396302524393,31,92395.04330421035,495.2390710115433,-0.30168693842233796
2.1,5,0.0005831605019861463,31,92433.3057896266,495.4269597530365,-0.30507718311902954
2.1,5,0.0012934546551739423,31,92433.22520137017,495.80980348587036,-0.30215627835188763
2.1,5,0.00642481804652828,31,92494.02922337408,494.62289226055145,-0.306257830990162
2.1,5,0.0032681748729421756,31,92426.09021007679,494.35926735401154,-0.30364258470100536
2.1,5,4.106375906154369e-05,31,92514.33956564861,495.2533710002899,-0.30596858978568675
2.1,5,0.009835830127637557,31,92499.58749776354,495.1034988164902,-0.3054186681908584
2.1,5,0.004879719332054222,31,92528.57970747104,495.47991621494293,-0.30331268476778295
2.1,5,0.008878257267586065,31,92491.02727618453,496.0879718065262,-0.3057716677618203
2.1,5,0.005263339386326837,31,92493.73605723002,494.37446331977844,-0.30242426361614494
2.1,5,0.0025688171137701055,31,92329.61969032683,496.16067147254944,-0.3026668923434159
2.1,5,0.003987996295956808,31,92509.21639753508,495.20093166828156,-0.30109603993754575
2.1,5,0.0054758316209566615,31,92483.76534692867,495.4870104789734,-0.30364585484807227
2.1,5,0.0031807628134967736,31,92463.61297872651,494.72522938251495,-0.30576378689234396
2.1,5,0.005751312023758892,31,92469.31371212137,495.2978527545929,-0.30452918405132423
2.1,5,0.005536398564690348,31,92454.99199659328,494.88633835315704,-0.3042846812349662
2.1,5,0.004306032293679429,31,92396.6785057115,494.83886659145355,-0.3043852569784973
2.1,5,0.0044936444727694536,31,92487.97575235042,495.5473687648773,-0.30188144722357757
2.1,5,0.007765091590057782,31,92462.58279351906,494.76985907554626,-0.304541638244092
2.1,5,0.007911128607082318,31,92486.15036099483,495.00030970573425,-0.30247916279541087
2.1,5,0.0003569798032994065,31,92364.70573113054,494.8188165426254,-0.3052220583245968
2.1,5,0.004618354249223966,31,92518.10587658115,494.94772028923035,-0.3051706472767366
2.1,5,0.003363555343843583,31,92376.21572962622,495.0852664709091,-0.3020039054838335
2.1,5,0.0016589868049119438,31,92432.97280601578,494.9298403263092,-0.3046377985463622
2.1,5,0.0007371437992280683,31,92409.39228194265,495.20693933963776,-0.30258072621974286
2.1,5,0.0026593054544723493,31,92411.60568401519,494.6013239622116,-0.30479121504146156
2.1,5,0.0013834582865515088,31,92468.24141325803,494.9153527021408,-0.306917151633181
2.1,5,0.011473236111350982,31,92545.14048203759,495.01872885227203,-0.303239722330775
2.1,5,0.007619719719914375,31,92423.97971488924,495.8734006881714,-0.30348761216063247
2.1,5,0.002232741896204704,31,92450.72104762308,494.9921032190323,-0.30302606207475447
2.1,5,0.007128221989264549,31,92439.67951839743,494.2514511346817,-0.3043094895156606
2.1,5,0.007535896434866629,31,92395.29449046048,494.6103140115738,-0.3050669669327064
2.1,5,0.00023126817029073266,31,92416.76526616373,495.3676540851593,-0.30204096198400965
2.1,5,0.008455800760294618,31,92435.15983085157,495.8002687692642,-0.3032011565617727
2.1,5,0.0005259374190496047,31,92518.80784365076,495.02963042259216,-0.3053709875905495
2.1,5,0.005501165635521943,31,92477.61437757843,495.1872960329056,-0.30415569871505
2.1,5,0.0066960189369456025,31,92426.92231442868,495.22111451625824,-0.30293879493412934
2.1,5,0.0015084031768686224,31,92376.63340286762,495.53297877311707,-0.30480108232333136
2.1,5,0.006475010652103652,31,92459.73916904778,495.60267674922943,-0.3017353691369664
2.1,5,0.0018168798574524914,31,92384.55053568634,495.6385362148285,-0.2989005326610885
2.1,5,0.003971598169159485,31,92403.90288850901,495.32624530792236,-0.303969721201083
2.1,5,0.008862053081069021,31,92513.79580612502,495.4433012008667,-0.30487646201654495
2.1,5,0.0074238476463777126,31,92363.02710539912,495.45996856689453,-0.30367902283162196
2.1,5,0.0010003755058738406,31,92488.50021971184,495.4454298019409,-0.3044073766860145
2.1,5,0.003359021086571712,31,92479.9975967316,495.01223587989807,-0.30353631661314306
2.1,5,0.0036996050081041787,31,92469.66666872558,495.51656687259674,-0.30281479300986236
2.1,5,0.0012241894096627348,31,92444.50403888396,495.3338351249695,-0.306386200712615
2.1,5,0.00024842373312194965,31,92455.74123189862,494.8802081346512,-0.30217264013619793
2.1,5,0.007164889039102285,31,92433.42680869969,494.7597600221634,-0.30067100037318517
2.1,5,0.008626311166764822,31,92478.97147773927,495.49516904354095,-0.3014151403923695
2.1,5,0.008383687563037423,31,92475.57141559728,495.7182297706604,-0.2999256842636666
2.1,5,0.004627443490285987,31,92450.06721456243,495.29842245578766,-0.3042287899386631
2.1,5,0.004809195429931634,31,92513.89259572836,495.4148414134979,-0.3024605303551804
2.1,5,0.002143739664905109,31,92465.42085882486,495.2094124555588,-0.30293334295117647
2.1,5,0.0064750638750594725,31,92476.79811202908,495.23506915569305,-0.30384443434449393
2.1,5,0.008085140320551076,31,92377.49400781016,495.83423590660095,-0.30218746109701655
2.1,5,0.000796283964922484,31,92398.12533917847,494.56281900405884,-0.30430263374235933
2.1,5,0.0036784643346559065,31,92468.35512732045,494.83901047706604,-0.3029474559085956
2.1,5,0.0015218412215043386,31,92473.20244126857,495.04164469242096,-0.3062558297865736
2.1,5,0.0020101596104065145,31,92377.90429886799,494.84088158607483,-0.305581049030172
2.1,5,0.0023362478465549508,31,92436.27556099473,494.47212636470795,-0.30560166154235135
2.1,5,0.00924178478935156,31,92527.23945926785,495.6398786306381,-0.3025704661678734
2.1,5,0.009045529923043638,31,92441.93471372784,494.767915725708,-0.3005698000313832
2.1,5,0.0027404811037059496,31,92405.88565579003,496.00544571876526,-0.303478939828304
2.1,5,0.00423460751897986,31,92425.91476199229,495.1529713869095,-0.298425496793842
2.1,5,0.008082588407101632,31,92513.9999513955,494.848907828331,-0.306428119766357
2.1,5,0.006502059131103799,31,92464.10266876021,495.25958371162415,-0.3042373817969828
2.1,5,0.0013910462288997394,31,92424.79061997647,495.24405908584595,-0.30211837340599756
2.1,5,0.0004523212865330528,31,92499.76684382031,495.2445179224014,-0.30482604770701105
2.1,5,0.010632068816899931,31,92441.3201609865,495.6404433250427,-0.3041835140343887
2.1,5,0.0036804310809661622,31,92458.14869348651,494.8390164375305,-0.3015610379205882
2.1,5,0.0053801694449902016,31,92496.66812868156,495.51992416381836,-0.30438006778497395
2.1,5,0.007617225599365174,31,92536.16769977885,495.2017595767975,-0.30591459432487067
2.1,5,0.005714509507041221,31,92453.87896000648,495.6249883174896,-0.3012862295701877
2.1,5,0.007418687695197157,31,92401.18920808785,495.45843601226807,-0.3044770057458148
2.1,5,0.002072723059770798,31,92480.44587896558,494.57023882865906,-0.30486504233165057
2.1,5,0.0034955529842379818,31,92358.6372936387,494.62204003334045,-0.30314489923048127
2.1,5,0.0027319167094779218,31,92468.24750599031,495.44287145137787,-0.3035187236583321
2.1,5,0.004953986982493941,31,92522.90160215746,495.1552450656891,-0.3039838482680972
2.1,5,0.0006779839930866061,31,92538.6459881125,495.0877078771591,-0.3068220171884817
2.1,5,0.004058928061793754,31,92409.44818318778,494.5343813896179,-0.30190098828975764
2.1,5,0.0018707579901895421,31,92462.47068013957,496.1802294254303,-0.3051936254965826
2.1,5,0.00943657583856261,31,92436.92053797127,495.4680265188217,-0.3041078039404379
2.1,5,0.0008738072436123012,31,92295.42512061204,494.73335230350494,-0.302634192734732
2.1,5,0.008356876334679075,31,92416.6454142447,494.56871473789215,-0.30241397863918196
2.1,5,0.009356086724074952,31,92437.46906618745,495.40080654621124,-0.29807309350688027
2.1,5,0.003243693493773403,31,92430.85491387363,495.81325578689575,-0.30234163804702807
2.1,5,0.0037105401165273832,31,92320.75331477931,494.6138803958893,-0.302740338504248
2.1,5,0.0037818096669051116,31,92511.11763666934,494.25440311431885,-0.3050716406513232
2.1,5,0.0016111127962918914,31,92509.19446457339,495.3694877624512,-0.30406289557989497
2.1,5,0.006970288663890933,31,92472.60162081543,495.27522230148315,-0.3032142492446537
2.1,5,5.450819225849557e-05,31,92462.50185738035,495.4287531375885,-0.30524038441531287
2.1,5,0.0008329280168464237,31,92486.51246326258,495.0396020412445,-0.30319767585570534
2.1,5,0.004158178073734309,31,92472.79165454787,494.1833760738373,-0.30418558236269244
2.1,5,0.004731222046626016,31,92499.19354017387,495.1962766647339,-0.30482438693123104
2.1,5,6.513255118267836e-05,31,92449.92762466252,494.7221289873123,-0.30251190958680074
2.1,5,0.006290856147911583,31,92416.7315879879,495.8467183113098,-0.2990280951877322
2.1,5,0.009678086785810613,31,92413.08688468323,495.03433632850647,-0.30271547053290293
2.1,5,0.007757961878253283,31,92500.14362897247,494.857786655426,-0.30495736372272164
2.1,5,0.007614829268211665,31,92479.43415608772,494.962917804718,-0.301764788566923
2.1,5,0.008959743354955307,31,92515.89050103286,495.2900640964508,-0.30519479201017186
2.1,5,0.0074861802374348585,31,92446.71573799652,495.16149139404297,-0.30282157014895517
2.1,5,0.006486810400332832,31,92494.19134453773,494.65714955329895,-0.30141491172470913
2.1,5,0.005109155676347399,31,92420.63604251217,495.8235045671463,-0.30321847399994883
2.1,5,0.001796016725232441,31,92439.24486231356,495.3095464706421,-0.3028947157805113
2.1,5,0.003519745805533603,31,92454.967116143,495.63600301742554,-0.30277258765224757
2.1,5,0.00017553964756489293,31,92475.35023951839,495.85123908519745,-0.30417509750994176
2.1,5,0.008436931543100545,31,92450.80641029189,495.03904581069946,-0.29960654121231767
2.1,5,0.00582776037848598,31,92391.69128443034,495.80689656734467,-0.30106523954660624
2.1,5,0.004589041639856628,31,92491.84196058326,495.0911408662796,-0.3006105678509212
2.1,5,0.002169278459532187,31,92523.28455167523,495.09343469142914,-0.305210084533883
2.1,5,0.005770972660791074,31,92467.52339646769,495.2673215866089,-0.30733397778816185
2.1,5,0.001982730514078934,31,92487.05255143609,494.91820549964905,-0.30255482491910635
2.1,5,0.007908810093109953,31,92464.70214263232,494.87488758563995,-0.30292313478705024
2.1,5,0.00029770768710157824,31,92409.40312763171,494.73150539398193,-0.30607732364596574
2.1,5,0.0032417845202807882,31,92471.38746561008,494.94151306152344,-0.30168540937115695
2.1,5,0.006893034322596137,31,92416.81948655548,494.2919363975525,-0.3031635252924658
2.1,5,0.00276517219801109,31,92442.95056312665,495.5951415300369,-0.30593138355269067
